Clock, Solids Loading, BoxSize, AAR, Iteration, Smallest Particle Radius, AAR, Largest Particle Radius, Max. Polymer Radius, Max. Tangle Radius, agglomerationsAccepted, agglomerationsRejected, particlesDidNotApproach, last Dim, last AAF, Radius of Gyration, Average approach prob, Average escape prob
0.000000, 0.020000, 7.482204e-07, 1.000000e-08, 0, 2.500000e-06, 1.000000e-08, 2.500000e-06, 0.000000e+00, 0.000000e+00, 0, 0, 0, 0.000000e+00, 0.000000e+00, 0.000000e+00,  0.00,  0.00
169.010560, 0.020000, 7.483451e-07, 1.000231e-08, 1, 1.000000e-08, 1.000231e-08, 1.462009e-08, 0.000000e+00, 0.000000e+00, 1, 0, 0, 1.183358e-02, 1.239829e-27, 0.000000e+00,  0.95,  0.00
338.099412, 0.020000, 7.484697e-07, 1.000462e-08, 2, 1.000000e-08, 1.000462e-08, 1.462009e-08, 0.000000e+00, 0.000000e+00, 2, 0, 0, 1.182810e-02, 1.239874e-27, 0.000000e+00,  0.62,  0.00
507.266555, 0.020000, 7.485943e-07, 1.000693e-08, 3, 1.000000e-08, 1.000693e-08, 1.462009e-08, 0.000000e+00, 0.000000e+00, 3, 0, 0, 1.182263e-02, 1.239920e-27, 0.000000e+00,  0.66,  0.00
676.427537, 0.020000, 7.485943e-07, 1.000693e-08, 4, 1.000000e-08, 1.000693e-08, 1.462009e-08, 0.000000e+00, 0.000000e+00, 3, 1, 1, 1.182306e-02, 1.239965e-27, 0.000000e+00,  0.51,  0.00
845.672973, 0.020000, 7.487189e-07, 1.000924e-08, 5, 1.000000e-08, 1.000924e-08, 1.462009e-08, 0.000000e+00, 0.000000e+00, 4, 1, 1, 1.181716e-02, 1.239965e-27, 0.000000e+00,  0.70,  0.00
1014.996701, 0.020000, 7.488434e-07, 1.001155e-08, 6, 1.000000e-08, 1.001155e-08, 1.462009e-08, 0.000000e+00, 0.000000e+00, 5, 1, 1, 1.181169e-02, 1.240010e-27, 0.000000e+00,  0.71,  0.00
1184.398723, 0.020000, 7.489679e-07, 1.001386e-08, 7, 1.000000e-08, 1.001386e-08, 1.462009e-08, 0.000000e+00, 0.000000e+00, 6, 1, 1, 1.180623e-02, 1.240055e-27, 0.000000e+00,  0.72,  0.00
1353.794594, 0.020000, 7.489679e-07, 1.001386e-08, 8, 1.000000e-08, 1.001386e-08, 1.462009e-08, 0.000000e+00, 0.000000e+00, 6, 2, 2, 1.180666e-02, 1.240100e-27, 0.000000e+00,  0.54,  0.00
1523.274909, 0.020000, 7.490923e-07, 1.001617e-08, 9, 1.000000e-08, 1.001617e-08, 1.462009e-08, 0.000000e+00, 0.000000e+00, 7, 2, 2, 1.180078e-02, 1.240100e-27, 0.000000e+00,  0.63,  0.00
1692.833519, 0.020000, 7.492167e-07, 1.001848e-08, 10, 1.000000e-08, 1.001848e-08, 1.462009e-08, 0.000000e+00, 0.000000e+00, 8, 2, 2, 1.179533e-02, 1.240145e-27, 0.000000e+00,  0.67,  0.00
1862.385985, 0.020000, 7.492167e-07, 1.001848e-08, 11, 1.000000e-08, 1.001848e-08, 1.462009e-08, 0.000000e+00, 0.000000e+00, 8, 3, 3, 1.179576e-02, 1.240190e-27, 0.000000e+00,  0.00,  0.00
2031.938450, 0.020000, 7.492167e-07, 1.001848e-08, 12, 1.000000e-08, 1.001848e-08, 1.462009e-08, 0.000000e+00, 0.000000e+00, 8, 4, 4, 1.179576e-02, 1.240190e-27, 0.000000e+00,  0.03,  0.00
2201.490916, 0.020000, 7.492167e-07, 1.001848e-08, 13, 1.000000e-08, 1.001848e-08, 1.462009e-08, 0.000000e+00, 0.000000e+00, 8, 5, 5, 1.179576e-02, 1.240190e-27, 0.000000e+00,  0.50,  0.00
2371.043382, 0.020000, 7.492167e-07, 1.001848e-08, 14, 1.000000e-08, 1.001848e-08, 1.462009e-08, 0.000000e+00, 0.000000e+00, 8, 6, 6, 1.179576e-02, 1.240190e-27, 0.000000e+00,  0.62,  0.00
2540.680287, 0.020000, 7.493410e-07, 1.002079e-08, 15, 1.000000e-08, 1.002079e-08, 1.462009e-08, 0.000000e+00, 0.000000e+00, 9, 6, 6, 1.178989e-02, 1.240190e-27, 0.000000e+00,  0.66,  0.00
2710.395486, 0.020000, 7.494653e-07, 1.002310e-08, 16, 1.000000e-08, 1.002310e-08, 1.462009e-08, 0.000000e+00, 0.000000e+00, 10, 6, 6, 1.178445e-02, 1.240235e-27, 0.000000e+00,  0.18,  0.00
2880.104549, 0.020000, 7.494653e-07, 1.002310e-08, 17, 1.000000e-08, 1.002310e-08, 1.462009e-08, 0.000000e+00, 0.000000e+00, 10, 7, 7, 1.178487e-02, 1.240280e-27, 0.000000e+00,  0.32,  0.00
3049.898045, 0.020000, 7.495896e-07, 1.002541e-08, 18, 1.000000e-08, 1.002541e-08, 1.462009e-08, 0.000000e+00, 0.000000e+00, 11, 7, 7, 1.177901e-02, 1.240280e-27, 0.000000e+00,  0.58,  0.00
3219.769837, 0.020000, 7.497138e-07, 1.002772e-08, 19, 1.000000e-08, 1.002772e-08, 1.462009e-08, 0.000000e+00, 0.000000e+00, 12, 7, 7, 1.177359e-02, 1.240325e-27, 0.000000e+00,  0.58,  0.00
3389.635499, 0.020000, 7.497138e-07, 1.002772e-08, 20, 1.000000e-08, 1.002772e-08, 1.462009e-08, 0.000000e+00, 0.000000e+00, 12, 8, 8, 1.177401e-02, 1.240369e-27, 0.000000e+00,  0.18,  0.00
3559.501161, 0.020000, 7.497138e-07, 1.002772e-08, 21, 1.000000e-08, 1.002772e-08, 1.462009e-08, 0.000000e+00, 0.000000e+00, 12, 9, 9, 1.177401e-02, 1.240369e-27, 0.000000e+00,  0.00,  0.00
3729.366824, 0.020000, 7.497138e-07, 1.002772e-08, 22, 1.000000e-08, 1.002772e-08, 1.462009e-08, 0.000000e+00, 0.000000e+00, 12, 10, 10, 1.177401e-02, 1.240369e-27, 0.000000e+00,  0.35,  0.00
3899.316913, 0.020000, 7.498380e-07, 1.003003e-08, 23, 1.000000e-08, 1.003003e-08, 1.462009e-08, 0.000000e+00, 0.000000e+00, 13, 10, 10, 1.176816e-02, 1.240369e-27, 0.000000e+00,  0.59,  0.00
4069.345299, 0.020000, 7.499622e-07, 1.003234e-08, 24, 1.000000e-08, 1.003234e-08, 1.462009e-08, 0.000000e+00, 0.000000e+00, 14, 10, 10, 1.176274e-02, 1.240414e-27, 0.000000e+00,  0.65,  0.00
4239.367563, 0.020000, 7.499622e-07, 1.003234e-08, 25, 1.000000e-08, 1.003234e-08, 1.462009e-08, 0.000000e+00, 0.000000e+00, 14, 11, 11, 1.176317e-02, 1.240459e-27, 0.000000e+00,  0.68,  0.00
4409.389827, 0.020000, 7.499622e-07, 1.003234e-08, 26, 1.000000e-08, 1.003234e-08, 1.462009e-08, 0.000000e+00, 0.000000e+00, 14, 12, 12, 1.176317e-02, 1.240459e-27, 0.000000e+00,  0.24,  0.00
4579.412091, 0.020000, 7.499622e-07, 1.003234e-08, 27, 1.000000e-08, 1.003234e-08, 1.462009e-08, 0.000000e+00, 0.000000e+00, 14, 13, 13, 1.176317e-02, 1.240459e-27, 0.000000e+00,  0.58,  0.00
4749.518775, 0.020000, 7.500863e-07, 1.003340e-08, 28, 1.000000e-08, 1.003340e-08, 1.673582e-08, 0.000000e+00, 0.000000e+00, 15, 13, 13, 1.175733e-02, 1.240459e-27, 0.000000e+00,  0.95,  0.00
4919.620171, 0.020000, 7.500863e-07, 1.003340e-08, 29, 1.000000e-08, 1.003340e-08, 1.673582e-08, 0.000000e+00, 0.000000e+00, 15, 14, 14, 1.175769e-02, 1.240497e-27, 0.000000e+00,  0.68,  0.00
5089.805985, 0.020000, 7.502103e-07, 1.003571e-08, 30, 1.000000e-08, 1.003571e-08, 1.673582e-08, 0.000000e+00, 0.000000e+00, 16, 14, 14, 1.175186e-02, 1.240497e-27, 0.000000e+00,  0.70,  0.00
5260.070094, 0.020000, 7.503344e-07, 1.003802e-08, 31, 1.000000e-08, 1.003802e-08, 1.673582e-08, 0.000000e+00, 0.000000e+00, 17, 14, 14, 1.174646e-02, 1.240542e-27, 0.000000e+00,  0.44,  0.00
5430.328089, 0.020000, 7.503344e-07, 1.003802e-08, 32, 1.000000e-08, 1.003802e-08, 1.673582e-08, 0.000000e+00, 0.000000e+00, 17, 15, 15, 1.174688e-02, 1.240586e-27, 0.000000e+00,  0.45,  0.00
5600.586083, 0.020000, 7.503344e-07, 1.003802e-08, 33, 1.000000e-08, 1.003802e-08, 1.673582e-08, 0.000000e+00, 0.000000e+00, 17, 16, 16, 1.174688e-02, 1.240586e-27, 0.000000e+00,  0.47,  0.00
5770.928488, 0.020000, 7.504583e-07, 1.004033e-08, 34, 1.000000e-08, 1.004033e-08, 1.673582e-08, 0.000000e+00, 0.000000e+00, 18, 16, 16, 1.174106e-02, 1.240586e-27, 0.000000e+00,  0.35,  0.00
5941.349191, 0.020000, 7.505823e-07, 1.004264e-08, 35, 1.000000e-08, 1.004264e-08, 1.673582e-08, 0.000000e+00, 0.000000e+00, 19, 16, 16, 1.173566e-02, 1.240631e-27, 0.000000e+00,  0.49,  0.00
6111.848190, 0.020000, 7.507062e-07, 1.004495e-08, 36, 1.000000e-08, 1.004495e-08, 1.673582e-08, 0.000000e+00, 0.000000e+00, 20, 16, 16, 1.173027e-02, 1.240675e-27, 0.000000e+00,  0.62,  0.00
6282.341086, 0.020000, 7.507062e-07, 1.004495e-08, 37, 1.000000e-08, 1.004495e-08, 1.673582e-08, 0.000000e+00, 0.000000e+00, 20, 17, 17, 1.173069e-02, 1.240720e-27, 0.000000e+00,  0.23,  0.00
6452.918383, 0.020000, 7.508300e-07, 1.004726e-08, 38, 1.000000e-08, 1.004726e-08, 1.673582e-08, 0.000000e+00, 0.000000e+00, 21, 17, 17, 1.172489e-02, 1.240720e-27, 0.000000e+00,  0.56,  0.00
6623.489580, 0.020000, 7.508300e-07, 1.004726e-08, 39, 1.000000e-08, 1.004726e-08, 1.673582e-08, 0.000000e+00, 0.000000e+00, 21, 18, 18, 1.172531e-02, 1.240764e-27, 0.000000e+00,  0.64,  0.00
6794.060777, 0.020000, 7.508300e-07, 1.004726e-08, 40, 1.000000e-08, 1.004726e-08, 1.673582e-08, 0.000000e+00, 0.000000e+00, 21, 19, 19, 1.172531e-02, 1.240764e-27, 0.000000e+00,  0.36,  0.00
6964.631974, 0.020000, 7.508300e-07, 1.004726e-08, 41, 1.000000e-08, 1.004726e-08, 1.673582e-08, 0.000000e+00, 0.000000e+00, 21, 20, 20, 1.172531e-02, 1.240764e-27, 0.000000e+00,  0.38,  0.00
7135.287570, 0.020000, 7.509539e-07, 1.004832e-08, 42, 1.000000e-08, 1.004832e-08, 1.673582e-08, 0.000000e+00, 0.000000e+00, 22, 20, 20, 1.171951e-02, 1.240764e-27, 0.000000e+00,  0.95,  0.00
7305.937878, 0.020000, 7.509539e-07, 1.004832e-08, 43, 1.000000e-08, 1.004832e-08, 1.673582e-08, 0.000000e+00, 0.000000e+00, 22, 21, 21, 1.171987e-02, 1.240803e-27, 0.000000e+00,  0.36,  0.00
7476.588185, 0.020000, 7.509539e-07, 1.004832e-08, 44, 1.000000e-08, 1.004832e-08, 1.673582e-08, 0.000000e+00, 0.000000e+00, 22, 22, 22, 1.171987e-02, 1.240803e-27, 0.000000e+00,  0.32,  0.00
7647.322889, 0.020000, 7.510776e-07, 1.005063e-08, 45, 1.000000e-08, 1.005063e-08, 1.673582e-08, 0.000000e+00, 0.000000e+00, 23, 22, 22, 1.171408e-02, 1.240803e-27, 0.000000e+00,  0.65,  0.00
7818.051495, 0.020000, 7.510776e-07, 1.005063e-08, 46, 1.000000e-08, 1.005063e-08, 1.673582e-08, 0.000000e+00, 0.000000e+00, 23, 23, 23, 1.171450e-02, 1.240847e-27, 0.000000e+00,  0.68,  0.00
7988.864495, 0.020000, 7.512014e-07, 1.005294e-08, 47, 1.000000e-08, 1.005294e-08, 1.673582e-08, 0.000000e+00, 0.000000e+00, 24, 23, 23, 1.170871e-02, 1.240847e-27, 0.000000e+00,  0.55,  0.00
8159.755792, 0.020000, 7.513251e-07, 1.005525e-08, 48, 1.000000e-08, 1.005525e-08, 1.673582e-08, 0.000000e+00, 0.000000e+00, 25, 23, 23, 1.170335e-02, 1.240891e-27, 0.000000e+00,  0.17,  0.00
8330.725387, 0.020000, 7.514487e-07, 1.005630e-08, 49, 1.000000e-08, 1.005630e-08, 1.673582e-08, 0.000000e+00, 0.000000e+00, 26, 23, 23, 1.169799e-02, 1.240935e-27, 0.000000e+00,  0.47,  0.00
8501.689691, 0.020000, 7.514487e-07, 1.005630e-08, 50, 1.000000e-08, 1.005630e-08, 1.673582e-08, 0.000000e+00, 0.000000e+00, 26, 24, 24, 1.169835e-02, 1.240974e-27, 0.000000e+00,  0.43,  0.00
8672.738380, 0.020000, 7.515723e-07, 1.005861e-08, 51, 1.000000e-08, 1.005861e-08, 1.673582e-08, 0.000000e+00, 0.000000e+00, 27, 24, 24, 1.169258e-02, 1.240974e-27, 0.000000e+00,  0.60,  0.00
8843.865365, 0.020000, 7.516959e-07, 1.006092e-08, 52, 1.000000e-08, 1.006092e-08, 1.673582e-08, 0.000000e+00, 0.000000e+00, 28, 24, 24, 1.168723e-02, 1.241018e-27, 0.000000e+00,  0.48,  0.00
9015.070645, 0.020000, 7.518194e-07, 1.006323e-08, 53, 1.000000e-08, 1.006323e-08, 1.673582e-08, 0.000000e+00, 0.000000e+00, 29, 24, 24, 1.168188e-02, 1.241062e-27, 0.000000e+00,  0.61,  0.00
9186.269846, 0.020000, 7.518194e-07, 1.006323e-08, 54, 1.000000e-08, 1.006323e-08, 1.673582e-08, 0.000000e+00, 0.000000e+00, 29, 25, 25, 1.168230e-02, 1.241106e-27, 0.000000e+00,  0.30,  0.00
9357.469047, 0.020000, 7.518194e-07, 1.006323e-08, 55, 1.000000e-08, 1.006323e-08, 1.673582e-08, 0.000000e+00, 0.000000e+00, 29, 26, 26, 1.168230e-02, 1.241106e-27, 0.000000e+00,  0.03,  0.00
9528.752624, 0.020000, 7.519429e-07, 1.006554e-08, 56, 1.000000e-08, 1.006554e-08, 1.673582e-08, 0.000000e+00, 0.000000e+00, 30, 26, 26, 1.167654e-02, 1.241106e-27, 0.000000e+00,  0.51,  0.00
9700.114498, 0.020000, 7.520664e-07, 1.006785e-08, 57, 1.000000e-08, 1.006785e-08, 1.673582e-08, 0.000000e+00, 0.000000e+00, 31, 26, 26, 1.167121e-02, 1.241150e-27, 0.000000e+00,  0.59,  0.00
9871.470301, 0.020000, 7.520664e-07, 1.006785e-08, 58, 1.000000e-08, 1.006785e-08, 1.673582e-08, 0.000000e+00, 0.000000e+00, 31, 27, 27, 1.167162e-02, 1.241194e-27, 0.000000e+00,  0.61,  0.00
10042.910473, 0.020000, 7.521898e-07, 1.007016e-08, 59, 1.000000e-08, 1.007016e-08, 1.673582e-08, 0.000000e+00, 0.000000e+00, 32, 27, 27, 1.166588e-02, 1.241194e-27, 0.000000e+00,  0.68,  0.00
10214.344577, 0.020000, 7.521898e-07, 1.007016e-08, 60, 1.000000e-08, 1.007016e-08, 1.673582e-08, 0.000000e+00, 0.000000e+00, 32, 28, 28, 1.166629e-02, 1.241238e-27, 0.000000e+00,  0.26,  0.00
10385.778681, 0.020000, 7.521898e-07, 1.007016e-08, 61, 1.000000e-08, 1.007016e-08, 1.673582e-08, 0.000000e+00, 0.000000e+00, 32, 29, 29, 1.166629e-02, 1.241238e-27, 0.000000e+00,  0.22,  0.00
10557.297152, 0.020000, 7.523132e-07, 1.007247e-08, 62, 1.000000e-08, 1.007247e-08, 1.673582e-08, 0.000000e+00, 0.000000e+00, 33, 29, 29, 1.166055e-02, 1.241238e-27, 0.000000e+00,  0.49,  0.00
10728.809558, 0.020000, 7.523132e-07, 1.007247e-08, 63, 1.000000e-08, 1.007247e-08, 1.673582e-08, 0.000000e+00, 0.000000e+00, 33, 30, 30, 1.166096e-02, 1.241282e-27, 0.000000e+00,  0.62,  0.00
10900.321964, 0.020000, 7.523132e-07, 1.007247e-08, 64, 1.000000e-08, 1.007247e-08, 1.673582e-08, 0.000000e+00, 0.000000e+00, 33, 31, 31, 1.166096e-02, 1.241282e-27, 0.000000e+00,  0.00,  0.00
11071.834371, 0.020000, 7.523132e-07, 1.007247e-08, 65, 1.000000e-08, 1.007247e-08, 1.673582e-08, 0.000000e+00, 0.000000e+00, 33, 32, 32, 1.166096e-02, 1.241282e-27, 0.000000e+00,  0.51,  0.00
11243.346777, 0.020000, 7.523132e-07, 1.007247e-08, 66, 1.000000e-08, 1.007247e-08, 1.673582e-08, 0.000000e+00, 0.000000e+00, 33, 33, 33, 1.166096e-02, 1.241282e-27, 0.000000e+00,  0.00,  0.00
11414.859183, 0.020000, 7.523132e-07, 1.007247e-08, 67, 1.000000e-08, 1.007247e-08, 1.673582e-08, 0.000000e+00, 0.000000e+00, 33, 34, 34, 1.166096e-02, 1.241282e-27, 0.000000e+00,  0.00,  0.00
11586.371589, 0.020000, 7.523132e-07, 1.007247e-08, 68, 1.000000e-08, 1.007247e-08, 1.673582e-08, 0.000000e+00, 0.000000e+00, 33, 35, 35, 1.166096e-02, 1.241282e-27, 0.000000e+00,  0.00,  0.00
11757.883996, 0.020000, 7.523132e-07, 1.007247e-08, 69, 1.000000e-08, 1.007247e-08, 1.673582e-08, 0.000000e+00, 0.000000e+00, 33, 36, 36, 1.166096e-02, 1.241282e-27, 0.000000e+00,  0.00,  0.00
11929.396402, 0.020000, 7.523132e-07, 1.007247e-08, 70, 1.000000e-08, 1.007247e-08, 1.673582e-08, 0.000000e+00, 0.000000e+00, 33, 37, 37, 1.166096e-02, 1.241282e-27, 0.000000e+00,  0.00,  0.00
12100.908808, 0.020000, 7.523132e-07, 1.007247e-08, 71, 1.000000e-08, 1.007247e-08, 1.673582e-08, 0.000000e+00, 0.000000e+00, 33, 38, 38, 1.166096e-02, 1.241282e-27, 0.000000e+00,  0.19,  0.00
12272.421214, 0.020000, 7.523132e-07, 1.007247e-08, 72, 1.000000e-08, 1.007247e-08, 1.673582e-08, 0.000000e+00, 0.000000e+00, 33, 39, 39, 1.166096e-02, 1.241282e-27, 0.000000e+00,  0.56,  0.00
12443.933621, 0.020000, 7.523132e-07, 1.007247e-08, 73, 1.000000e-08, 1.007247e-08, 1.673582e-08, 0.000000e+00, 0.000000e+00, 33, 40, 40, 1.166096e-02, 1.241282e-27, 0.000000e+00,  0.43,  0.00
12615.530391, 0.020000, 7.524365e-07, 1.007478e-08, 74, 1.000000e-08, 1.007478e-08, 1.673582e-08, 0.000000e+00, 0.000000e+00, 34, 40, 40, 1.165523e-02, 1.241282e-27, 0.000000e+00,  0.42,  0.00
12787.121101, 0.020000, 7.524365e-07, 1.007478e-08, 75, 1.000000e-08, 1.007478e-08, 1.673582e-08, 0.000000e+00, 0.000000e+00, 34, 41, 41, 1.165564e-02, 1.241326e-27, 0.000000e+00,  0.00,  0.00
12958.711810, 0.020000, 7.524365e-07, 1.007478e-08, 76, 1.000000e-08, 1.007478e-08, 1.673582e-08, 0.000000e+00, 0.000000e+00, 34, 42, 42, 1.165564e-02, 1.241326e-27, 0.000000e+00,  0.00,  0.00
13130.302519, 0.020000, 7.524365e-07, 1.007478e-08, 77, 1.000000e-08, 1.007478e-08, 1.673582e-08, 0.000000e+00, 0.000000e+00, 34, 43, 43, 1.165564e-02, 1.241326e-27, 0.000000e+00,  0.00,  0.00
13301.893229, 0.020000, 7.524365e-07, 1.007478e-08, 78, 1.000000e-08, 1.007478e-08, 1.673582e-08, 0.000000e+00, 0.000000e+00, 34, 44, 44, 1.165564e-02, 1.241326e-27, 0.000000e+00,  0.00,  0.00
13473.483938, 0.020000, 7.524365e-07, 1.007478e-08, 79, 1.000000e-08, 1.007478e-08, 1.673582e-08, 0.000000e+00, 0.000000e+00, 34, 45, 45, 1.165564e-02, 1.241326e-27, 0.000000e+00,  0.00,  0.00
13645.074648, 0.020000, 7.524365e-07, 1.007478e-08, 80, 1.000000e-08, 1.007478e-08, 1.673582e-08, 0.000000e+00, 0.000000e+00, 34, 46, 46, 1.165564e-02, 1.241326e-27, 0.000000e+00,  0.00,  0.00
13816.665357, 0.020000, 7.524365e-07, 1.007478e-08, 81, 1.000000e-08, 1.007478e-08, 1.673582e-08, 0.000000e+00, 0.000000e+00, 34, 47, 47, 1.165564e-02, 1.241326e-27, 0.000000e+00,  0.00,  0.00
13988.256066, 0.020000, 7.524365e-07, 1.007478e-08, 82, 1.000000e-08, 1.007478e-08, 1.673582e-08, 0.000000e+00, 0.000000e+00, 34, 48, 48, 1.165564e-02, 1.241326e-27, 0.000000e+00,  0.00,  0.00
14159.846776, 0.020000, 7.524365e-07, 1.007478e-08, 83, 1.000000e-08, 1.007478e-08, 1.673582e-08, 0.000000e+00, 0.000000e+00, 34, 49, 49, 1.165564e-02, 1.241326e-27, 0.000000e+00,  0.00,  0.00
14331.437485, 0.020000, 7.524365e-07, 1.007478e-08, 84, 1.000000e-08, 1.007478e-08, 1.673582e-08, 0.000000e+00, 0.000000e+00, 34, 50, 50, 1.165564e-02, 1.241326e-27, 0.000000e+00,  0.00,  0.00
14503.028195, 0.020000, 7.524365e-07, 1.007478e-08, 85, 1.000000e-08, 1.007478e-08, 1.673582e-08, 0.000000e+00, 0.000000e+00, 34, 51, 51, 1.165564e-02, 1.241326e-27, 0.000000e+00,  0.00,  0.00
14674.618904, 0.020000, 7.524365e-07, 1.007478e-08, 86, 1.000000e-08, 1.007478e-08, 1.673582e-08, 0.000000e+00, 0.000000e+00, 34, 52, 52, 1.165564e-02, 1.241326e-27, 0.000000e+00,  0.00,  0.00
14846.209613, 0.020000, 7.524365e-07, 1.007478e-08, 87, 1.000000e-08, 1.007478e-08, 1.673582e-08, 0.000000e+00, 0.000000e+00, 34, 53, 53, 1.165564e-02, 1.241326e-27, 0.000000e+00,  0.00,  0.00
15017.800323, 0.020000, 7.524365e-07, 1.007478e-08, 88, 1.000000e-08, 1.007478e-08, 1.673582e-08, 0.000000e+00, 0.000000e+00, 34, 54, 54, 1.165564e-02, 1.241326e-27, 0.000000e+00,  0.00,  0.00
15189.391032, 0.020000, 7.524365e-07, 1.007478e-08, 89, 1.000000e-08, 1.007478e-08, 1.673582e-08, 0.000000e+00, 0.000000e+00, 34, 55, 55, 1.165564e-02, 1.241326e-27, 0.000000e+00,  0.00,  0.00
15360.981742, 0.020000, 7.524365e-07, 1.007478e-08, 90, 1.000000e-08, 1.007478e-08, 1.673582e-08, 0.000000e+00, 0.000000e+00, 34, 56, 56, 1.165564e-02, 1.241326e-27, 0.000000e+00,  0.00,  0.00
15532.572451, 0.020000, 7.524365e-07, 1.007478e-08, 91, 1.000000e-08, 1.007478e-08, 1.673582e-08, 0.000000e+00, 0.000000e+00, 34, 57, 57, 1.165564e-02, 1.241326e-27, 0.000000e+00,  0.00,  0.00
15704.163160, 0.020000, 7.524365e-07, 1.007478e-08, 92, 1.000000e-08, 1.007478e-08, 1.673582e-08, 0.000000e+00, 0.000000e+00, 34, 58, 58, 1.165564e-02, 1.241326e-27, 0.000000e+00,  0.00,  0.00
15875.753870, 0.020000, 7.524365e-07, 1.007478e-08, 93, 1.000000e-08, 1.007478e-08, 1.673582e-08, 0.000000e+00, 0.000000e+00, 34, 59, 59, 1.165564e-02, 1.241326e-27, 0.000000e+00,  0.00,  0.00
16047.344579, 0.020000, 7.524365e-07, 1.007478e-08, 94, 1.000000e-08, 1.007478e-08, 1.673582e-08, 0.000000e+00, 0.000000e+00, 34, 60, 60, 1.165564e-02, 1.241326e-27, 0.000000e+00,  0.00,  0.00
16218.935289, 0.020000, 7.524365e-07, 1.007478e-08, 95, 1.000000e-08, 1.007478e-08, 1.673582e-08, 0.000000e+00, 0.000000e+00, 34, 61, 61, 1.165564e-02, 1.241326e-27, 0.000000e+00,  0.00,  0.00
16390.525998, 0.020000, 7.524365e-07, 1.007478e-08, 96, 1.000000e-08, 1.007478e-08, 1.673582e-08, 0.000000e+00, 0.000000e+00, 34, 62, 62, 1.165564e-02, 1.241326e-27, 0.000000e+00,  0.00,  0.00
16562.116707, 0.020000, 7.524365e-07, 1.007478e-08, 97, 1.000000e-08, 1.007478e-08, 1.673582e-08, 0.000000e+00, 0.000000e+00, 34, 63, 63, 1.165564e-02, 1.241326e-27, 0.000000e+00,  0.00,  0.00
16733.707417, 0.020000, 7.524365e-07, 1.007478e-08, 98, 1.000000e-08, 1.007478e-08, 1.673582e-08, 0.000000e+00, 0.000000e+00, 34, 64, 64, 1.165564e-02, 1.241326e-27, 0.000000e+00,  0.00,  0.00
16905.298126, 0.020000, 7.524365e-07, 1.007478e-08, 99, 1.000000e-08, 1.007478e-08, 1.673582e-08, 0.000000e+00, 0.000000e+00, 34, 65, 65, 1.165564e-02, 1.241326e-27, 0.000000e+00,  0.00,  0.00
17076.888836, 0.020000, 7.524365e-07, 1.007478e-08, 100, 1.000000e-08, 1.007478e-08, 1.673582e-08, 0.000000e+00, 0.000000e+00, 34, 66, 66, 1.165564e-02, 1.241326e-27, 0.000000e+00,  0.00,  0.00
17248.479545, 0.020000, 7.524365e-07, 1.007478e-08, 101, 1.000000e-08, 1.007478e-08, 1.673582e-08, 0.000000e+00, 0.000000e+00, 34, 67, 67, 1.165564e-02, 1.241326e-27, 0.000000e+00,  0.00,  0.00
17420.070254, 0.020000, 7.524365e-07, 1.007478e-08, 102, 1.000000e-08, 1.007478e-08, 1.673582e-08, 0.000000e+00, 0.000000e+00, 34, 68, 68, 1.165564e-02, 1.241326e-27, 0.000000e+00,  0.00,  0.00
17591.660964, 0.020000, 7.524365e-07, 1.007478e-08, 103, 1.000000e-08, 1.007478e-08, 1.673582e-08, 0.000000e+00, 0.000000e+00, 34, 69, 69, 1.165564e-02, 1.241326e-27, 0.000000e+00,  0.00,  0.00
17763.251673, 0.020000, 7.524365e-07, 1.007478e-08, 104, 1.000000e-08, 1.007478e-08, 1.673582e-08, 0.000000e+00, 0.000000e+00, 34, 70, 70, 1.165564e-02, 1.241326e-27, 0.000000e+00,  0.00,  0.00
17934.842383, 0.020000, 7.524365e-07, 1.007478e-08, 105, 1.000000e-08, 1.007478e-08, 1.673582e-08, 0.000000e+00, 0.000000e+00, 34, 71, 71, 1.165564e-02, 1.241326e-27, 0.000000e+00,  0.00,  0.00
18106.433092, 0.020000, 7.524365e-07, 1.007478e-08, 106, 1.000000e-08, 1.007478e-08, 1.673582e-08, 0.000000e+00, 0.000000e+00, 34, 72, 72, 1.165564e-02, 1.241326e-27, 0.000000e+00,  0.00,  0.00
18278.023801, 0.020000, 7.524365e-07, 1.007478e-08, 107, 1.000000e-08, 1.007478e-08, 1.673582e-08, 0.000000e+00, 0.000000e+00, 34, 73, 73, 1.165564e-02, 1.241326e-27, 0.000000e+00,  0.00,  0.00
18449.614511, 0.020000, 7.524365e-07, 1.007478e-08, 108, 1.000000e-08, 1.007478e-08, 1.673582e-08, 0.000000e+00, 0.000000e+00, 34, 74, 74, 1.165564e-02, 1.241326e-27, 0.000000e+00,  0.00,  0.00
18621.205220, 0.020000, 7.524365e-07, 1.007478e-08, 109, 1.000000e-08, 1.007478e-08, 1.673582e-08, 0.000000e+00, 0.000000e+00, 34, 75, 75, 1.165564e-02, 1.241326e-27, 0.000000e+00,  0.00,  0.00
18792.795930, 0.020000, 7.524365e-07, 1.007478e-08, 110, 1.000000e-08, 1.007478e-08, 1.673582e-08, 0.000000e+00, 0.000000e+00, 34, 76, 76, 1.165564e-02, 1.241326e-27, 0.000000e+00,  0.00,  0.00
18964.386639, 0.020000, 7.524365e-07, 1.007478e-08, 111, 1.000000e-08, 1.007478e-08, 1.673582e-08, 0.000000e+00, 0.000000e+00, 34, 77, 77, 1.165564e-02, 1.241326e-27, 0.000000e+00,  0.00,  0.00
19135.977348, 0.020000, 7.524365e-07, 1.007478e-08, 112, 1.000000e-08, 1.007478e-08, 1.673582e-08, 0.000000e+00, 0.000000e+00, 34, 78, 78, 1.165564e-02, 1.241326e-27, 0.000000e+00,  0.00,  0.00
19307.568058, 0.020000, 7.524365e-07, 1.007478e-08, 113, 1.000000e-08, 1.007478e-08, 1.673582e-08, 0.000000e+00, 0.000000e+00, 34, 79, 79, 1.165564e-02, 1.241326e-27, 0.000000e+00,  0.00,  0.00
19479.158767, 0.020000, 7.524365e-07, 1.007478e-08, 114, 1.000000e-08, 1.007478e-08, 1.673582e-08, 0.000000e+00, 0.000000e+00, 34, 80, 80, 1.165564e-02, 1.241326e-27, 0.000000e+00,  0.00,  0.00
19650.749477, 0.020000, 7.524365e-07, 1.007478e-08, 115, 1.000000e-08, 1.007478e-08, 1.673582e-08, 0.000000e+00, 0.000000e+00, 34, 81, 81, 1.165564e-02, 1.241326e-27, 0.000000e+00,  0.00,  0.00
19822.340186, 0.020000, 7.524365e-07, 1.007478e-08, 116, 1.000000e-08, 1.007478e-08, 1.673582e-08, 0.000000e+00, 0.000000e+00, 34, 82, 82, 1.165564e-02, 1.241326e-27, 0.000000e+00,  0.00,  0.00
19993.930895, 0.020000, 7.524365e-07, 1.007478e-08, 117, 1.000000e-08, 1.007478e-08, 1.673582e-08, 0.000000e+00, 0.000000e+00, 34, 83, 83, 1.165564e-02, 1.241326e-27, 0.000000e+00,  0.00,  0.00
20165.521605, 0.020000, 7.524365e-07, 1.007478e-08, 118, 1.000000e-08, 1.007478e-08, 1.673582e-08, 0.000000e+00, 0.000000e+00, 34, 84, 84, 1.165564e-02, 1.241326e-27, 0.000000e+00,  0.00,  0.00
20337.112314, 0.020000, 7.524365e-07, 1.007478e-08, 119, 1.000000e-08, 1.007478e-08, 1.673582e-08, 0.000000e+00, 0.000000e+00, 34, 85, 85, 1.165564e-02, 1.241326e-27, 0.000000e+00,  0.00,  0.00
20508.703024, 0.020000, 7.524365e-07, 1.007478e-08, 120, 1.000000e-08, 1.007478e-08, 1.673582e-08, 0.000000e+00, 0.000000e+00, 34, 86, 86, 1.165564e-02, 1.241326e-27, 0.000000e+00,  0.00,  0.00
20680.293733, 0.020000, 7.524365e-07, 1.007478e-08, 121, 1.000000e-08, 1.007478e-08, 1.673582e-08, 0.000000e+00, 0.000000e+00, 34, 87, 87, 1.165564e-02, 1.241326e-27, 0.000000e+00,  0.00,  0.00
20851.884442, 0.020000, 7.524365e-07, 1.007478e-08, 122, 1.000000e-08, 1.007478e-08, 1.673582e-08, 0.000000e+00, 0.000000e+00, 34, 88, 88, 1.165564e-02, 1.241326e-27, 0.000000e+00,  0.00,  0.00
21023.475152, 0.020000, 7.524365e-07, 1.007478e-08, 123, 1.000000e-08, 1.007478e-08, 1.673582e-08, 0.000000e+00, 0.000000e+00, 34, 89, 89, 1.165564e-02, 1.241326e-27, 0.000000e+00,  0.00,  0.00
21195.065861, 0.020000, 7.524365e-07, 1.007478e-08, 124, 1.000000e-08, 1.007478e-08, 1.673582e-08, 0.000000e+00, 0.000000e+00, 34, 90, 90, 1.165564e-02, 1.241326e-27, 0.000000e+00,  0.00,  0.00
21366.656571, 0.020000, 7.524365e-07, 1.007478e-08, 125, 1.000000e-08, 1.007478e-08, 1.673582e-08, 0.000000e+00, 0.000000e+00, 34, 91, 91, 1.165564e-02, 1.241326e-27, 0.000000e+00,  0.00,  0.00
21538.247280, 0.020000, 7.524365e-07, 1.007478e-08, 126, 1.000000e-08, 1.007478e-08, 1.673582e-08, 0.000000e+00, 0.000000e+00, 34, 92, 92, 1.165564e-02, 1.241326e-27, 0.000000e+00,  0.00,  0.00
21709.837989, 0.020000, 7.524365e-07, 1.007478e-08, 127, 1.000000e-08, 1.007478e-08, 1.673582e-08, 0.000000e+00, 0.000000e+00, 34, 93, 93, 1.165564e-02, 1.241326e-27, 0.000000e+00,  0.00,  0.00
21881.428699, 0.020000, 7.524365e-07, 1.007478e-08, 128, 1.000000e-08, 1.007478e-08, 1.673582e-08, 0.000000e+00, 0.000000e+00, 34, 94, 94, 1.165564e-02, 1.241326e-27, 0.000000e+00,  0.00,  0.00
22053.019408, 0.020000, 7.524365e-07, 1.007478e-08, 129, 1.000000e-08, 1.007478e-08, 1.673582e-08, 0.000000e+00, 0.000000e+00, 34, 95, 95, 1.165564e-02, 1.241326e-27, 0.000000e+00,  0.00,  0.00
22224.610118, 0.020000, 7.524365e-07, 1.007478e-08, 130, 1.000000e-08, 1.007478e-08, 1.673582e-08, 0.000000e+00, 0.000000e+00, 34, 96, 96, 1.165564e-02, 1.241326e-27, 0.000000e+00,  0.00,  0.00
22396.200827, 0.020000, 7.524365e-07, 1.007478e-08, 131, 1.000000e-08, 1.007478e-08, 1.673582e-08, 0.000000e+00, 0.000000e+00, 34, 97, 97, 1.165564e-02, 1.241326e-27, 0.000000e+00,  0.00,  0.00
22567.791536, 0.020000, 7.524365e-07, 1.007478e-08, 132, 1.000000e-08, 1.007478e-08, 1.673582e-08, 0.000000e+00, 0.000000e+00, 34, 98, 98, 1.165564e-02, 1.241326e-27, 0.000000e+00,  0.00,  0.00
22739.382246, 0.020000, 7.524365e-07, 1.007478e-08, 133, 1.000000e-08, 1.007478e-08, 1.673582e-08, 0.000000e+00, 0.000000e+00, 34, 99, 99, 1.165564e-02, 1.241326e-27, 0.000000e+00,  0.00,  0.00
22910.972955, 0.020000, 7.524365e-07, 1.007478e-08, 134, 1.000000e-08, 1.007478e-08, 1.673582e-08, 0.000000e+00, 0.000000e+00, 34, 100, 100, 1.165564e-02, 1.241326e-27, 0.000000e+00,  0.00,  0.00
23082.563665, 0.020000, 7.524365e-07, 1.007478e-08, 135, 1.000000e-08, 1.007478e-08, 1.673582e-08, 0.000000e+00, 0.000000e+00, 34, 101, 101, 1.165564e-02, 1.241326e-27, 0.000000e+00,  0.00,  0.00
23254.154374, 0.020000, 7.524365e-07, 1.007478e-08, 136, 1.000000e-08, 1.007478e-08, 1.673582e-08, 0.000000e+00, 0.000000e+00, 34, 102, 102, 1.165564e-02, 1.241326e-27, 0.000000e+00,  0.00,  0.00
23425.745083, 0.020000, 7.524365e-07, 1.007478e-08, 137, 1.000000e-08, 1.007478e-08, 1.673582e-08, 0.000000e+00, 0.000000e+00, 34, 103, 103, 1.165564e-02, 1.241326e-27, 0.000000e+00,  0.00,  0.00
23597.335793, 0.020000, 7.524365e-07, 1.007478e-08, 138, 1.000000e-08, 1.007478e-08, 1.673582e-08, 0.000000e+00, 0.000000e+00, 34, 104, 104, 1.165564e-02, 1.241326e-27, 0.000000e+00,  0.00,  0.00
23768.926502, 0.020000, 7.524365e-07, 1.007478e-08, 139, 1.000000e-08, 1.007478e-08, 1.673582e-08, 0.000000e+00, 0.000000e+00, 34, 105, 105, 1.165564e-02, 1.241326e-27, 0.000000e+00,  0.00,  0.00
23940.517212, 0.020000, 7.524365e-07, 1.007478e-08, 140, 1.000000e-08, 1.007478e-08, 1.673582e-08, 0.000000e+00, 0.000000e+00, 34, 106, 106, 1.165564e-02, 1.241326e-27, 0.000000e+00,  0.00,  0.00
24112.107921, 0.020000, 7.524365e-07, 1.007478e-08, 141, 1.000000e-08, 1.007478e-08, 1.673582e-08, 0.000000e+00, 0.000000e+00, 34, 107, 107, 1.165564e-02, 1.241326e-27, 0.000000e+00,  0.00,  0.00
24283.698630, 0.020000, 7.524365e-07, 1.007478e-08, 142, 1.000000e-08, 1.007478e-08, 1.673582e-08, 0.000000e+00, 0.000000e+00, 34, 108, 108, 1.165564e-02, 1.241326e-27, 0.000000e+00,  0.00,  0.00
24455.289340, 0.020000, 7.524365e-07, 1.007478e-08, 143, 1.000000e-08, 1.007478e-08, 1.673582e-08, 0.000000e+00, 0.000000e+00, 34, 109, 109, 1.165564e-02, 1.241326e-27, 0.000000e+00,  0.00,  0.00
24626.880049, 0.020000, 7.524365e-07, 1.007478e-08, 144, 1.000000e-08, 1.007478e-08, 1.673582e-08, 0.000000e+00, 0.000000e+00, 34, 110, 110, 1.165564e-02, 1.241326e-27, 0.000000e+00,  0.00,  0.00
24798.470759, 0.020000, 7.524365e-07, 1.007478e-08, 145, 1.000000e-08, 1.007478e-08, 1.673582e-08, 0.000000e+00, 0.000000e+00, 34, 111, 111, 1.165564e-02, 1.241326e-27, 0.000000e+00,  0.00,  0.00
24970.061468, 0.020000, 7.524365e-07, 1.007478e-08, 146, 1.000000e-08, 1.007478e-08, 1.673582e-08, 0.000000e+00, 0.000000e+00, 34, 112, 112, 1.165564e-02, 1.241326e-27, 0.000000e+00,  0.00,  0.00
25141.652177, 0.020000, 7.524365e-07, 1.007478e-08, 147, 1.000000e-08, 1.007478e-08, 1.673582e-08, 0.000000e+00, 0.000000e+00, 34, 113, 113, 1.165564e-02, 1.241326e-27, 0.000000e+00,  0.00,  0.00
25313.242887, 0.020000, 7.524365e-07, 1.007478e-08, 148, 1.000000e-08, 1.007478e-08, 1.673582e-08, 0.000000e+00, 0.000000e+00, 34, 114, 114, 1.165564e-02, 1.241326e-27, 0.000000e+00,  0.00,  0.00
25484.833596, 0.020000, 7.524365e-07, 1.007478e-08, 149, 1.000000e-08, 1.007478e-08, 1.673582e-08, 0.000000e+00, 0.000000e+00, 34, 115, 115, 1.165564e-02, 1.241326e-27, 0.000000e+00,  0.00,  0.00
25656.424306, 0.020000, 7.524365e-07, 1.007478e-08, 150, 1.000000e-08, 1.007478e-08, 1.673582e-08, 0.000000e+00, 0.000000e+00, 34, 116, 116, 1.165564e-02, 1.241326e-27, 0.000000e+00,  0.00,  0.00
25828.015015, 0.020000, 7.524365e-07, 1.007478e-08, 151, 1.000000e-08, 1.007478e-08, 1.673582e-08, 0.000000e+00, 0.000000e+00, 34, 117, 117, 1.165564e-02, 1.241326e-27, 0.000000e+00,  0.00,  0.00
25999.605724, 0.020000, 7.524365e-07, 1.007478e-08, 152, 1.000000e-08, 1.007478e-08, 1.673582e-08, 0.000000e+00, 0.000000e+00, 34, 118, 118, 1.165564e-02, 1.241326e-27, 0.000000e+00,  0.00,  0.00
26171.196434, 0.020000, 7.524365e-07, 1.007478e-08, 153, 1.000000e-08, 1.007478e-08, 1.673582e-08, 0.000000e+00, 0.000000e+00, 34, 119, 119, 1.165564e-02, 1.241326e-27, 0.000000e+00,  0.00,  0.00
26342.787143, 0.020000, 7.524365e-07, 1.007478e-08, 154, 1.000000e-08, 1.007478e-08, 1.673582e-08, 0.000000e+00, 0.000000e+00, 34, 120, 120, 1.165564e-02, 1.241326e-27, 0.000000e+00,  0.00,  0.00
26514.377853, 0.020000, 7.524365e-07, 1.007478e-08, 155, 1.000000e-08, 1.007478e-08, 1.673582e-08, 0.000000e+00, 0.000000e+00, 34, 121, 121, 1.165564e-02, 1.241326e-27, 0.000000e+00,  0.00,  0.00
26685.968562, 0.020000, 7.524365e-07, 1.007478e-08, 156, 1.000000e-08, 1.007478e-08, 1.673582e-08, 0.000000e+00, 0.000000e+00, 34, 122, 122, 1.165564e-02, 1.241326e-27, 0.000000e+00,  0.00,  0.00
26857.559271, 0.020000, 7.524365e-07, 1.007478e-08, 157, 1.000000e-08, 1.007478e-08, 1.673582e-08, 0.000000e+00, 0.000000e+00, 34, 123, 123, 1.165564e-02, 1.241326e-27, 0.000000e+00,  0.41,  0.00
27029.149981, 0.020000, 7.524365e-07, 1.007478e-08, 158, 1.000000e-08, 1.007478e-08, 1.673582e-08, 0.000000e+00, 0.000000e+00, 34, 124, 124, 1.165564e-02, 1.241326e-27, 0.000000e+00,  0.00,  0.00
27200.740690, 0.020000, 7.524365e-07, 1.007478e-08, 159, 1.000000e-08, 1.007478e-08, 1.673582e-08, 0.000000e+00, 0.000000e+00, 34, 125, 125, 1.165564e-02, 1.241326e-27, 0.000000e+00,  0.00,  0.00
27372.331400, 0.020000, 7.524365e-07, 1.007478e-08, 160, 1.000000e-08, 1.007478e-08, 1.673582e-08, 0.000000e+00, 0.000000e+00, 34, 126, 126, 1.165564e-02, 1.241326e-27, 0.000000e+00,  0.00,  0.00
27543.922109, 0.020000, 7.524365e-07, 1.007478e-08, 161, 1.000000e-08, 1.007478e-08, 1.673582e-08, 0.000000e+00, 0.000000e+00, 34, 127, 127, 1.165564e-02, 1.241326e-27, 0.000000e+00,  0.00,  0.00
27715.512818, 0.020000, 7.524365e-07, 1.007478e-08, 162, 1.000000e-08, 1.007478e-08, 1.673582e-08, 0.000000e+00, 0.000000e+00, 34, 128, 128, 1.165564e-02, 1.241326e-27, 0.000000e+00,  0.00,  0.00
27887.103528, 0.020000, 7.524365e-07, 1.007478e-08, 163, 1.000000e-08, 1.007478e-08, 1.673582e-08, 0.000000e+00, 0.000000e+00, 34, 129, 129, 1.165564e-02, 1.241326e-27, 0.000000e+00,  0.00,  0.00
28058.694237, 0.020000, 7.524365e-07, 1.007478e-08, 164, 1.000000e-08, 1.007478e-08, 1.673582e-08, 0.000000e+00, 0.000000e+00, 34, 130, 130, 1.165564e-02, 1.241326e-27, 0.000000e+00,  0.00,  0.00
28230.284947, 0.020000, 7.524365e-07, 1.007478e-08, 165, 1.000000e-08, 1.007478e-08, 1.673582e-08, 0.000000e+00, 0.000000e+00, 34, 131, 131, 1.165564e-02, 1.241326e-27, 0.000000e+00,  0.00,  0.00
28401.875656, 0.020000, 7.524365e-07, 1.007478e-08, 166, 1.000000e-08, 1.007478e-08, 1.673582e-08, 0.000000e+00, 0.000000e+00, 34, 132, 132, 1.165564e-02, 1.241326e-27, 0.000000e+00,  0.00,  0.00
28573.466365, 0.020000, 7.524365e-07, 1.007478e-08, 167, 1.000000e-08, 1.007478e-08, 1.673582e-08, 0.000000e+00, 0.000000e+00, 34, 133, 133, 1.165564e-02, 1.241326e-27, 0.000000e+00,  0.00,  0.00
28745.057075, 0.020000, 7.524365e-07, 1.007478e-08, 168, 1.000000e-08, 1.007478e-08, 1.673582e-08, 0.000000e+00, 0.000000e+00, 34, 134, 134, 1.165564e-02, 1.241326e-27, 0.000000e+00,  0.00,  0.00
28916.647784, 0.020000, 7.524365e-07, 1.007478e-08, 169, 1.000000e-08, 1.007478e-08, 1.673582e-08, 0.000000e+00, 0.000000e+00, 34, 135, 135, 1.165564e-02, 1.241326e-27, 0.000000e+00,  0.00,  0.00
29088.238494, 0.020000, 7.524365e-07, 1.007478e-08, 170, 1.000000e-08, 1.007478e-08, 1.673582e-08, 0.000000e+00, 0.000000e+00, 34, 136, 136, 1.165564e-02, 1.241326e-27, 0.000000e+00,  0.00,  0.00
29259.829203, 0.020000, 7.524365e-07, 1.007478e-08, 171, 1.000000e-08, 1.007478e-08, 1.673582e-08, 0.000000e+00, 0.000000e+00, 34, 137, 137, 1.165564e-02, 1.241326e-27, 0.000000e+00,  0.00,  0.00
29431.419912, 0.020000, 7.524365e-07, 1.007478e-08, 172, 1.000000e-08, 1.007478e-08, 1.673582e-08, 0.000000e+00, 0.000000e+00, 34, 138, 138, 1.165564e-02, 1.241326e-27, 0.000000e+00,  0.00,  0.00
29603.010622, 0.020000, 7.524365e-07, 1.007478e-08, 173, 1.000000e-08, 1.007478e-08, 1.673582e-08, 0.000000e+00, 0.000000e+00, 34, 139, 139, 1.165564e-02, 1.241326e-27, 0.000000e+00,  0.00,  0.00
29774.601331, 0.020000, 7.524365e-07, 1.007478e-08, 174, 1.000000e-08, 1.007478e-08, 1.673582e-08, 0.000000e+00, 0.000000e+00, 34, 140, 140, 1.165564e-02, 1.241326e-27, 0.000000e+00,  0.00,  0.00
29946.192041, 0.020000, 7.524365e-07, 1.007478e-08, 175, 1.000000e-08, 1.007478e-08, 1.673582e-08, 0.000000e+00, 0.000000e+00, 34, 141, 141, 1.165564e-02, 1.241326e-27, 0.000000e+00,  0.00,  0.00
30117.782750, 0.020000, 7.524365e-07, 1.007478e-08, 176, 1.000000e-08, 1.007478e-08, 1.673582e-08, 0.000000e+00, 0.000000e+00, 34, 142, 142, 1.165564e-02, 1.241326e-27, 0.000000e+00,  0.00,  0.00
30289.373459, 0.020000, 7.524365e-07, 1.007478e-08, 177, 1.000000e-08, 1.007478e-08, 1.673582e-08, 0.000000e+00, 0.000000e+00, 34, 143, 143, 1.165564e-02, 1.241326e-27, 0.000000e+00,  0.00,  0.00
30460.964169, 0.020000, 7.524365e-07, 1.007478e-08, 178, 1.000000e-08, 1.007478e-08, 1.673582e-08, 0.000000e+00, 0.000000e+00, 34, 144, 144, 1.165564e-02, 1.241326e-27, 0.000000e+00,  0.00,  0.00
30632.554878, 0.020000, 7.524365e-07, 1.007478e-08, 179, 1.000000e-08, 1.007478e-08, 1.673582e-08, 0.000000e+00, 0.000000e+00, 34, 145, 145, 1.165564e-02, 1.241326e-27, 0.000000e+00,  0.00,  0.00
30804.145588, 0.020000, 7.524365e-07, 1.007478e-08, 180, 1.000000e-08, 1.007478e-08, 1.673582e-08, 0.000000e+00, 0.000000e+00, 34, 146, 146, 1.165564e-02, 1.241326e-27, 0.000000e+00,  0.00,  0.00
30975.736297, 0.020000, 7.524365e-07, 1.007478e-08, 181, 1.000000e-08, 1.007478e-08, 1.673582e-08, 0.000000e+00, 0.000000e+00, 34, 147, 147, 1.165564e-02, 1.241326e-27, 0.000000e+00,  0.00,  0.00
31147.327006, 0.020000, 7.524365e-07, 1.007478e-08, 182, 1.000000e-08, 1.007478e-08, 1.673582e-08, 0.000000e+00, 0.000000e+00, 34, 148, 148, 1.165564e-02, 1.241326e-27, 0.000000e+00,  0.00,  0.00
31318.917716, 0.020000, 7.524365e-07, 1.007478e-08, 183, 1.000000e-08, 1.007478e-08, 1.673582e-08, 0.000000e+00, 0.000000e+00, 34, 149, 149, 1.165564e-02, 1.241326e-27, 0.000000e+00,  0.00,  0.00
31490.508425, 0.020000, 7.524365e-07, 1.007478e-08, 184, 1.000000e-08, 1.007478e-08, 1.673582e-08, 0.000000e+00, 0.000000e+00, 34, 150, 150, 1.165564e-02, 1.241326e-27, 0.000000e+00,  0.00,  0.00
31662.099135, 0.020000, 7.524365e-07, 1.007478e-08, 185, 1.000000e-08, 1.007478e-08, 1.673582e-08, 0.000000e+00, 0.000000e+00, 34, 151, 151, 1.165564e-02, 1.241326e-27, 0.000000e+00,  0.00,  0.00
31833.689844, 0.020000, 7.524365e-07, 1.007478e-08, 186, 1.000000e-08, 1.007478e-08, 1.673582e-08, 0.000000e+00, 0.000000e+00, 34, 152, 152, 1.165564e-02, 1.241326e-27, 0.000000e+00,  0.00,  0.00
32005.280553, 0.020000, 7.524365e-07, 1.007478e-08, 187, 1.000000e-08, 1.007478e-08, 1.673582e-08, 0.000000e+00, 0.000000e+00, 34, 153, 153, 1.165564e-02, 1.241326e-27, 0.000000e+00,  0.00,  0.00
32176.871263, 0.020000, 7.524365e-07, 1.007478e-08, 188, 1.000000e-08, 1.007478e-08, 1.673582e-08, 0.000000e+00, 0.000000e+00, 34, 154, 154, 1.165564e-02, 1.241326e-27, 0.000000e+00,  0.00,  0.00
32348.461972, 0.020000, 7.524365e-07, 1.007478e-08, 189, 1.000000e-08, 1.007478e-08, 1.673582e-08, 0.000000e+00, 0.000000e+00, 34, 155, 155, 1.165564e-02, 1.241326e-27, 0.000000e+00,  0.00,  0.00
32520.052682, 0.020000, 7.524365e-07, 1.007478e-08, 190, 1.000000e-08, 1.007478e-08, 1.673582e-08, 0.000000e+00, 0.000000e+00, 34, 156, 156, 1.165564e-02, 1.241326e-27, 0.000000e+00,  0.00,  0.00
32691.643391, 0.020000, 7.524365e-07, 1.007478e-08, 191, 1.000000e-08, 1.007478e-08, 1.673582e-08, 0.000000e+00, 0.000000e+00, 34, 157, 157, 1.165564e-02, 1.241326e-27, 0.000000e+00,  0.00,  0.00
32863.234100, 0.020000, 7.524365e-07, 1.007478e-08, 192, 1.000000e-08, 1.007478e-08, 1.673582e-08, 0.000000e+00, 0.000000e+00, 34, 158, 158, 1.165564e-02, 1.241326e-27, 0.000000e+00,  0.00,  0.00
33034.824810, 0.020000, 7.524365e-07, 1.007478e-08, 193, 1.000000e-08, 1.007478e-08, 1.673582e-08, 0.000000e+00, 0.000000e+00, 34, 159, 159, 1.165564e-02, 1.241326e-27, 0.000000e+00,  0.00,  0.00
33206.415519, 0.020000, 7.524365e-07, 1.007478e-08, 194, 1.000000e-08, 1.007478e-08, 1.673582e-08, 0.000000e+00, 0.000000e+00, 34, 160, 160, 1.165564e-02, 1.241326e-27, 0.000000e+00,  0.00,  0.00
33378.006229, 0.020000, 7.524365e-07, 1.007478e-08, 195, 1.000000e-08, 1.007478e-08, 1.673582e-08, 0.000000e+00, 0.000000e+00, 34, 161, 161, 1.165564e-02, 1.241326e-27, 0.000000e+00,  0.00,  0.00
33549.596938, 0.020000, 7.524365e-07, 1.007478e-08, 196, 1.000000e-08, 1.007478e-08, 1.673582e-08, 0.000000e+00, 0.000000e+00, 34, 162, 162, 1.165564e-02, 1.241326e-27, 0.000000e+00,  0.00,  0.00
33721.187647, 0.020000, 7.524365e-07, 1.007478e-08, 197, 1.000000e-08, 1.007478e-08, 1.673582e-08, 0.000000e+00, 0.000000e+00, 34, 163, 163, 1.165564e-02, 1.241326e-27, 0.000000e+00,  0.00,  0.00
33892.778357, 0.020000, 7.524365e-07, 1.007478e-08, 198, 1.000000e-08, 1.007478e-08, 1.673582e-08, 0.000000e+00, 0.000000e+00, 34, 164, 164, 1.165564e-02, 1.241326e-27, 0.000000e+00,  0.00,  0.00
34064.369066, 0.020000, 7.524365e-07, 1.007478e-08, 199, 1.000000e-08, 1.007478e-08, 1.673582e-08, 0.000000e+00, 0.000000e+00, 34, 165, 165, 1.165564e-02, 1.241326e-27, 0.000000e+00,  0.00,  0.00
34235.959776, 0.020000, 7.524365e-07, 1.007478e-08, 200, 1.000000e-08, 1.007478e-08, 1.673582e-08, 0.000000e+00, 0.000000e+00, 34, 166, 166, 1.165564e-02, 1.241326e-27, 0.000000e+00,  0.00,  0.00
34407.550485, 0.020000, 7.524365e-07, 1.007478e-08, 201, 1.000000e-08, 1.007478e-08, 1.673582e-08, 0.000000e+00, 0.000000e+00, 34, 167, 167, 1.165564e-02, 1.241326e-27, 0.000000e+00,  0.00,  0.00
34579.141194, 0.020000, 7.524365e-07, 1.007478e-08, 202, 1.000000e-08, 1.007478e-08, 1.673582e-08, 0.000000e+00, 0.000000e+00, 34, 168, 168, 1.165564e-02, 1.241326e-27, 0.000000e+00,  0.00,  0.00
34750.731904, 0.020000, 7.524365e-07, 1.007478e-08, 203, 1.000000e-08, 1.007478e-08, 1.673582e-08, 0.000000e+00, 0.000000e+00, 34, 169, 169, 1.165564e-02, 1.241326e-27, 0.000000e+00,  0.00,  0.00
34922.322613, 0.020000, 7.524365e-07, 1.007478e-08, 204, 1.000000e-08, 1.007478e-08, 1.673582e-08, 0.000000e+00, 0.000000e+00, 34, 170, 170, 1.165564e-02, 1.241326e-27, 0.000000e+00,  0.00,  0.00
35093.913323, 0.020000, 7.524365e-07, 1.007478e-08, 205, 1.000000e-08, 1.007478e-08, 1.673582e-08, 0.000000e+00, 0.000000e+00, 34, 171, 171, 1.165564e-02, 1.241326e-27, 0.000000e+00,  0.00,  0.00
35265.504032, 0.020000, 7.524365e-07, 1.007478e-08, 206, 1.000000e-08, 1.007478e-08, 1.673582e-08, 0.000000e+00, 0.000000e+00, 34, 172, 172, 1.165564e-02, 1.241326e-27, 0.000000e+00,  0.00,  0.00
35437.094741, 0.020000, 7.524365e-07, 1.007478e-08, 207, 1.000000e-08, 1.007478e-08, 1.673582e-08, 0.000000e+00, 0.000000e+00, 34, 173, 173, 1.165564e-02, 1.241326e-27, 0.000000e+00,  0.00,  0.00
35608.685451, 0.020000, 7.524365e-07, 1.007478e-08, 208, 1.000000e-08, 1.007478e-08, 1.673582e-08, 0.000000e+00, 0.000000e+00, 34, 174, 174, 1.165564e-02, 1.241326e-27, 0.000000e+00,  0.00,  0.00
35780.276160, 0.020000, 7.524365e-07, 1.007478e-08, 209, 1.000000e-08, 1.007478e-08, 1.673582e-08, 0.000000e+00, 0.000000e+00, 34, 175, 175, 1.165564e-02, 1.241326e-27, 0.000000e+00,  0.00,  0.00
35951.866870, 0.020000, 7.524365e-07, 1.007478e-08, 210, 1.000000e-08, 1.007478e-08, 1.673582e-08, 0.000000e+00, 0.000000e+00, 34, 176, 176, 1.165564e-02, 1.241326e-27, 0.000000e+00,  0.00,  0.00
36123.457579, 0.020000, 7.524365e-07, 1.007478e-08, 211, 1.000000e-08, 1.007478e-08, 1.673582e-08, 0.000000e+00, 0.000000e+00, 34, 177, 177, 1.165564e-02, 1.241326e-27, 0.000000e+00,  0.00,  0.00
