Clock, Solids Loading, Box Size, AAR, average X Loc, average Y Loc, average Z Loc, Largest Particle Radius, lengthOfSubparticleList, Total Ellipsoids that Merged, Max. WillFit retries, maxLenNpHoldAreClose, Viscosity Scaler
0.000000, 0.023200, 7.121042e-07, 1.000000e-08, 0.491420, 0.491420, 0.516183, 1.000000e-08, 2000, 0, 0, 0, 0.000000
145.698759, 0.023200, 7.122229e-07, 1.000231e-08, 0.497692, 0.497692, 0.494960, 1.462009e-08, 2000, 0, 0, 0, 0.000000
291.465011, 0.023200, 7.123415e-07, 1.000462e-08, 0.502379, 0.502379, 0.497698, 1.462009e-08, 2000, 0, 0, 0, 0.000000
437.225948, 0.023200, 7.123415e-07, 1.000462e-08, 0.498673, 0.498673, 0.487470, 1.462009e-08, 2000, 0, 0, 0, 0.000000
583.059692, 0.023200, 7.124601e-07, 1.000693e-08, 0.492601, 0.492601, 0.508203, 1.462009e-08, 2000, 0, 0, 0, 0.000000
728.960930, 0.023200, 7.125786e-07, 1.000924e-08, 0.499107, 0.499107, 0.506662, 1.462009e-08, 2000, 0, 0, 0, 0.000000
874.856859, 0.023200, 7.125786e-07, 1.000924e-08, 0.508332, 0.508332, 0.500368, 1.462009e-08, 2000, 0, 0, 0, 0.000000
1020.752788, 0.023200, 7.125786e-07, 1.000924e-08, 0.496665, 0.496665, 0.495687, 1.462009e-08, 2000, 0, 0, 0, 0.000000
1166.721520, 0.023200, 7.126971e-07, 1.001155e-08, 0.497966, 0.497966, 0.501774, 1.462009e-08, 2000, 0, 0, 0, 0.000000
1312.757746, 0.023200, 7.128156e-07, 1.001386e-08, 0.495280, 0.495280, 0.498204, 1.462009e-08, 2000, 0, 0, 0, 0.000000
1458.788669, 0.023200, 7.128156e-07, 1.001386e-08, 0.520226, 0.520226, 0.516642, 1.462009e-08, 2000, 0, 0, 0, 0.000000
1604.892390, 0.023200, 7.129340e-07, 1.001617e-08, 0.500940, 0.500940, 0.494383, 1.462009e-08, 2000, 0, 0, 0, 0.000000
1750.990810, 0.023200, 7.129340e-07, 1.001617e-08, 0.498551, 0.498551, 0.504476, 1.462009e-08, 2000, 0, 0, 0, 0.000000
1897.089231, 0.023200, 7.129340e-07, 1.001617e-08, 0.497476, 0.497476, 0.505739, 1.462009e-08, 2000, 0, 0, 0, 0.000000
2043.260447, 0.023200, 7.130524e-07, 1.001848e-08, 0.507902, 0.507902, 0.507267, 1.462009e-08, 2000, 0, 0, 0, 0.000000
2189.499158, 0.023200, 7.131707e-07, 1.002079e-08, 0.503765, 0.503765, 0.506783, 1.462009e-08, 2000, 0, 0, 0, 0.000000
2335.805365, 0.023200, 7.132891e-07, 1.002310e-08, 0.502251, 0.502251, 0.486740, 1.462009e-08, 2000, 0, 0, 0, 0.000000
2482.106281, 0.023200, 7.132891e-07, 1.002310e-08, 0.494252, 0.494252, 0.492549, 1.462009e-08, 2000, 0, 0, 0, 0.000000
2628.407198, 0.023200, 7.132891e-07, 1.002310e-08, 0.497165, 0.497165, 0.491554, 1.462009e-08, 2000, 0, 0, 0, 0.000000
2774.708115, 0.023200, 7.132891e-07, 1.002310e-08, 0.501624, 0.501624, 0.497053, 1.462009e-08, 2000, 0, 0, 0, 0.000000
2921.009031, 0.023200, 7.132891e-07, 1.002310e-08, 0.496546, 0.496546, 0.498476, 1.462009e-08, 2000, 0, 0, 0, 0.000000
3067.309948, 0.023200, 7.132891e-07, 1.002310e-08, 0.500229, 0.500229, 0.499158, 1.462009e-08, 2000, 0, 0, 0, 0.000000
3213.610865, 0.023200, 7.132891e-07, 1.002310e-08, 0.501972, 0.501972, 0.506133, 1.462009e-08, 2000, 0, 0, 0, 0.000000
3359.911781, 0.023200, 7.132891e-07, 1.002310e-08, 0.502631, 0.502631, 0.483907, 1.462009e-08, 2000, 0, 0, 0, 0.000000
3506.212698, 0.023200, 7.132891e-07, 1.002310e-08, 0.496959, 0.496959, 0.512834, 1.462009e-08, 2000, 0, 0, 0, 0.000000
3652.586401, 0.023200, 7.134073e-07, 1.002541e-08, 0.500314, 0.500314, 0.498186, 1.462009e-08, 2000, 0, 0, 0, 0.000000
3798.954817, 0.023200, 7.134073e-07, 1.002541e-08, 0.511996, 0.511996, 0.493828, 1.462009e-08, 2000, 0, 0, 0, 0.000000
3945.396017, 0.023200, 7.135256e-07, 1.002772e-08, 0.486480, 0.486480, 0.501037, 1.462009e-08, 2000, 0, 0, 0, 0.000000
4091.831934, 0.023200, 7.135256e-07, 1.002772e-08, 0.499522, 0.499522, 0.494339, 1.462009e-08, 2000, 0, 0, 0, 0.000000
4238.267850, 0.023200, 7.135256e-07, 1.002772e-08, 0.506168, 0.506168, 0.503683, 1.462009e-08, 2000, 0, 0, 0, 0.000000
4384.703766, 0.023200, 7.135256e-07, 1.002772e-08, 0.509329, 0.509329, 0.497212, 1.462009e-08, 2000, 0, 0, 0, 0.000000
4531.139682, 0.023200, 7.135256e-07, 1.002772e-08, 0.499358, 0.499358, 0.495143, 1.462009e-08, 2000, 0, 0, 0, 0.000000
4677.648379, 0.023200, 7.136437e-07, 1.003003e-08, 0.500778, 0.500778, 0.499551, 1.462009e-08, 2000, 0, 0, 0, 0.000000
4824.151796, 0.023200, 7.136437e-07, 1.003003e-08, 0.494982, 0.494982, 0.494290, 1.462009e-08, 2000, 0, 0, 0, 0.000000
4970.655212, 0.023200, 7.136437e-07, 1.003003e-08, 0.499128, 0.499128, 0.498556, 1.462009e-08, 2000, 0, 0, 0, 0.000000
5117.158629, 0.023200, 7.136437e-07, 1.003003e-08, 0.507514, 0.507514, 0.495146, 1.462009e-08, 2000, 0, 0, 0, 0.000000
5263.662045, 0.023200, 7.136437e-07, 1.003003e-08, 0.502480, 0.502480, 0.493698, 1.462009e-08, 2000, 0, 0, 0, 0.000000
5410.165462, 0.023200, 7.136437e-07, 1.003003e-08, 0.503231, 0.503231, 0.499273, 1.462009e-08, 2000, 0, 0, 0, 0.000000
5556.668878, 0.023200, 7.136437e-07, 1.003003e-08, 0.495753, 0.495753, 0.505195, 1.462009e-08, 2000, 0, 0, 0, 0.000000
5703.172295, 0.023200, 7.136437e-07, 1.003003e-08, 0.497776, 0.497776, 0.495680, 1.462009e-08, 2000, 0, 0, 0, 0.000000
5849.675711, 0.023200, 7.136437e-07, 1.003003e-08, 0.511668, 0.511668, 0.504869, 1.462009e-08, 2000, 0, 0, 0, 0.000000
5996.179128, 0.023200, 7.136437e-07, 1.003003e-08, 0.500535, 0.500535, 0.492454, 1.462009e-08, 2000, 0, 0, 0, 0.000000
6142.682545, 0.023200, 7.136437e-07, 1.003003e-08, 0.497094, 0.497094, 0.506122, 1.462009e-08, 2000, 0, 0, 0, 0.000000
6289.185961, 0.023200, 7.136437e-07, 1.003003e-08, 0.487099, 0.487099, 0.494018, 1.462009e-08, 2000, 0, 0, 0, 0.000000
6435.689378, 0.023200, 7.136437e-07, 1.003003e-08, 0.494829, 0.494829, 0.492755, 1.462009e-08, 2000, 0, 0, 0, 0.000000
6582.192794, 0.023200, 7.136437e-07, 1.003003e-08, 0.509115, 0.509115, 0.498251, 1.462009e-08, 2000, 0, 0, 0, 0.000000
6728.696211, 0.023200, 7.136437e-07, 1.003003e-08, 0.493171, 0.493171, 0.482060, 1.462009e-08, 2000, 0, 0, 0, 0.000000
6875.199627, 0.023200, 7.136437e-07, 1.003003e-08, 0.504444, 0.504444, 0.498476, 1.462009e-08, 2000, 0, 0, 0, 0.000000
7021.703044, 0.023200, 7.136437e-07, 1.003003e-08, 0.499933, 0.499933, 0.494251, 1.462009e-08, 2000, 0, 0, 0, 0.000000
7168.206460, 0.023200, 7.136437e-07, 1.003003e-08, 0.505412, 0.505412, 0.497671, 1.462009e-08, 2000, 0, 0, 0, 0.000000
7314.709877, 0.023200, 7.136437e-07, 1.003003e-08, 0.486595, 0.486595, 0.486164, 1.462009e-08, 2000, 0, 0, 0, 0.000000
7461.213293, 0.023200, 7.136437e-07, 1.003003e-08, 0.508641, 0.508641, 0.487736, 1.462009e-08, 2000, 0, 0, 0, 0.000000
7607.716710, 0.023200, 7.136437e-07, 1.003003e-08, 0.508463, 0.508463, 0.500168, 1.462009e-08, 2000, 0, 0, 0, 0.000000
7754.220126, 0.023200, 7.136437e-07, 1.003003e-08, 0.500563, 0.500563, 0.501428, 1.462009e-08, 2000, 0, 0, 0, 0.000000
7900.723543, 0.023200, 7.136437e-07, 1.003003e-08, 0.494664, 0.494664, 0.506089, 1.462009e-08, 2000, 0, 0, 0, 0.000000
8047.226959, 0.023200, 7.136437e-07, 1.003003e-08, 0.489944, 0.489944, 0.493819, 1.462009e-08, 2000, 0, 0, 0, 0.000000
8193.730376, 0.023200, 7.136437e-07, 1.003003e-08, 0.499227, 0.499227, 0.493993, 1.462009e-08, 2000, 0, 0, 0, 0.000000
8340.233792, 0.023200, 7.136437e-07, 1.003003e-08, 0.495002, 0.495002, 0.497487, 1.462009e-08, 2000, 0, 0, 0, 0.000000
8486.737209, 0.023200, 7.136437e-07, 1.003003e-08, 0.501209, 0.501209, 0.502645, 1.462009e-08, 2000, 0, 0, 0, 0.000000
8633.240626, 0.023200, 7.136437e-07, 1.003003e-08, 0.506262, 0.506262, 0.502371, 1.462009e-08, 2000, 0, 0, 0, 0.000000
8779.744042, 0.023200, 7.136437e-07, 1.003003e-08, 0.502208, 0.502208, 0.493490, 1.462009e-08, 2000, 0, 0, 0, 0.000000
8926.247459, 0.023200, 7.136437e-07, 1.003003e-08, 0.496462, 0.496462, 0.491560, 1.462009e-08, 2000, 0, 0, 0, 0.000000
9072.750875, 0.023200, 7.136437e-07, 1.003003e-08, 0.508550, 0.508550, 0.500483, 1.462009e-08, 2000, 0, 0, 0, 0.000000
9219.254292, 0.023200, 7.136437e-07, 1.003003e-08, 0.491865, 0.491865, 0.508571, 1.462009e-08, 2000, 0, 0, 0, 0.000000
9365.757708, 0.023200, 7.136437e-07, 1.003003e-08, 0.504046, 0.504046, 0.496901, 1.462009e-08, 2000, 0, 0, 0, 0.000000
9512.261125, 0.023200, 7.136437e-07, 1.003003e-08, 0.486679, 0.486679, 0.498452, 1.462009e-08, 2000, 0, 0, 0, 0.000000
9658.764541, 0.023200, 7.136437e-07, 1.003003e-08, 0.507591, 0.507591, 0.490531, 1.462009e-08, 2000, 0, 0, 0, 0.000000
9805.267958, 0.023200, 7.136437e-07, 1.003003e-08, 0.493550, 0.493550, 0.502833, 1.462009e-08, 2000, 0, 0, 0, 0.000000
9951.771374, 0.023200, 7.136437e-07, 1.003003e-08, 0.510648, 0.510648, 0.503820, 1.462009e-08, 2000, 0, 0, 0, 0.000000
10098.274791, 0.023200, 7.136437e-07, 1.003003e-08, 0.508520, 0.508520, 0.507642, 1.462009e-08, 2000, 0, 0, 0, 0.000000
10244.778207, 0.023200, 7.136437e-07, 1.003003e-08, 0.498847, 0.498847, 0.497683, 1.462009e-08, 2000, 0, 0, 0, 0.000000
10391.281624, 0.023200, 7.136437e-07, 1.003003e-08, 0.511731, 0.511731, 0.489311, 1.462009e-08, 2000, 0, 0, 0, 0.000000
10537.785040, 0.023200, 7.136437e-07, 1.003003e-08, 0.506296, 0.506296, 0.514423, 1.462009e-08, 2000, 0, 0, 0, 0.000000
10684.288457, 0.023200, 7.136437e-07, 1.003003e-08, 0.506864, 0.506864, 0.502449, 1.462009e-08, 2000, 0, 0, 0, 0.000000
10830.791873, 0.023200, 7.136437e-07, 1.003003e-08, 0.506133, 0.506133, 0.496628, 1.462009e-08, 2000, 0, 0, 0, 0.000000
10977.295290, 0.023200, 7.136437e-07, 1.003003e-08, 0.501447, 0.501447, 0.489753, 1.462009e-08, 2000, 0, 0, 0, 0.000000
11123.871485, 0.023200, 7.137619e-07, 1.003234e-08, 0.494123, 0.494123, 0.503567, 1.462009e-08, 2000, 0, 0, 0, 0.000000
11270.515179, 0.023200, 7.138800e-07, 1.003465e-08, 0.497772, 0.497772, 0.505830, 1.462009e-08, 2000, 0, 0, 0, 0.000000
11417.153597, 0.023200, 7.138800e-07, 1.003465e-08, 0.507019, 0.507019, 0.495029, 1.462009e-08, 2000, 0, 0, 0, 0.000000
11563.792016, 0.023200, 7.138800e-07, 1.003465e-08, 0.498110, 0.498110, 0.500939, 1.462009e-08, 2000, 0, 0, 0, 0.000000
11710.430435, 0.023200, 7.138800e-07, 1.003465e-08, 0.517408, 0.517408, 0.500756, 1.462009e-08, 2000, 0, 0, 0, 0.000000
11857.141627, 0.023200, 7.139981e-07, 1.003696e-08, 0.498281, 0.498281, 0.496735, 1.462009e-08, 2000, 0, 0, 0, 0.000000
12003.847548, 0.023200, 7.139981e-07, 1.003696e-08, 0.493038, 0.493038, 0.499670, 1.462009e-08, 2000, 0, 0, 0, 0.000000
12150.553469, 0.023200, 7.139981e-07, 1.003696e-08, 0.492699, 0.492699, 0.505620, 1.462009e-08, 2000, 0, 0, 0, 0.000000
12297.259390, 0.023200, 7.139981e-07, 1.003696e-08, 0.501653, 0.501653, 0.508244, 1.462009e-08, 2000, 0, 0, 0, 0.000000
12443.965310, 0.023200, 7.139981e-07, 1.003696e-08, 0.504937, 0.504937, 0.490748, 1.462009e-08, 2000, 0, 0, 0, 0.000000
12590.671231, 0.023200, 7.139981e-07, 1.003696e-08, 0.505308, 0.505308, 0.523384, 1.462009e-08, 2000, 0, 0, 0, 0.000000
12737.377152, 0.023200, 7.139981e-07, 1.003696e-08, 0.478444, 0.478444, 0.490663, 1.462009e-08, 2000, 0, 0, 0, 0.000000
12884.083073, 0.023200, 7.139981e-07, 1.003696e-08, 0.498084, 0.498084, 0.492649, 1.462009e-08, 2000, 0, 0, 0, 0.000000
13030.861764, 0.023200, 7.141161e-07, 1.003927e-08, 0.499342, 0.499342, 0.489072, 1.462009e-08, 2000, 0, 0, 0, 0.000000
13177.707955, 0.023200, 7.142341e-07, 1.004158e-08, 0.504766, 0.504766, 0.493505, 1.462009e-08, 2000, 0, 0, 0, 0.000000
13324.621647, 0.023200, 7.143521e-07, 1.004389e-08, 0.506988, 0.506988, 0.489924, 1.462009e-08, 2000, 0, 0, 0, 0.000000
13471.602839, 0.023200, 7.144700e-07, 1.004620e-08, 0.496995, 0.496995, 0.507965, 1.462009e-08, 2000, 0, 0, 0, 0.000000
13618.651533, 0.023200, 7.145879e-07, 1.004851e-08, 0.500706, 0.500706, 0.499865, 1.462009e-08, 2000, 0, 0, 0, 0.000000
13765.694971, 0.023200, 7.145879e-07, 1.004851e-08, 0.510080, 0.510080, 0.496552, 1.462009e-08, 2000, 0, 0, 0, 0.000000
13912.738409, 0.023200, 7.145879e-07, 1.004851e-08, 0.496018, 0.496018, 0.499336, 1.462009e-08, 2000, 0, 0, 0, 0.000000
14059.781847, 0.023200, 7.145879e-07, 1.004851e-08, 0.492926, 0.492926, 0.523831, 1.462009e-08, 2000, 0, 0, 0, 0.000000
14206.825285, 0.023200, 7.145879e-07, 1.004851e-08, 0.489142, 0.489142, 0.500508, 1.462009e-08, 2000, 0, 0, 0, 0.000000
14353.868723, 0.023200, 7.145879e-07, 1.004851e-08, 0.488461, 0.488461, 0.505524, 1.462009e-08, 2000, 0, 0, 0, 0.000000
14500.912161, 0.023200, 7.145879e-07, 1.004851e-08, 0.510771, 0.510771, 0.493162, 1.462009e-08, 2000, 0, 0, 0, 0.000000
14647.955599, 0.023200, 7.145879e-07, 1.004851e-08, 0.500591, 0.500591, 0.490234, 1.462009e-08, 2000, 0, 0, 0, 0.000000
14794.999037, 0.023200, 7.145879e-07, 1.004851e-08, 0.497407, 0.497407, 0.493176, 1.462009e-08, 2000, 0, 0, 0, 0.000000
14942.042475, 0.023200, 7.145879e-07, 1.004851e-08, 0.495808, 0.495808, 0.499603, 1.462009e-08, 2000, 0, 0, 0, 0.000000
15089.085913, 0.023200, 7.145879e-07, 1.004851e-08, 0.495224, 0.495224, 0.499618, 1.462009e-08, 2000, 0, 0, 0, 0.000000
15236.129351, 0.023200, 7.145879e-07, 1.004851e-08, 0.501551, 0.501551, 0.492548, 1.462009e-08, 2000, 0, 0, 0, 0.000000
15383.172789, 0.023200, 7.145879e-07, 1.004851e-08, 0.515860, 0.515860, 0.499941, 1.462009e-08, 2000, 0, 0, 0, 0.000000
15530.216227, 0.023200, 7.145879e-07, 1.004851e-08, 0.499849, 0.499849, 0.491208, 1.462009e-08, 2000, 0, 0, 0, 0.000000
15677.259665, 0.023200, 7.145879e-07, 1.004851e-08, 0.508568, 0.508568, 0.499825, 1.462009e-08, 2000, 0, 0, 0, 0.000000
15824.303103, 0.023200, 7.145879e-07, 1.004851e-08, 0.495779, 0.495779, 0.505501, 1.462009e-08, 2000, 0, 0, 0, 0.000000
15971.346541, 0.023200, 7.145879e-07, 1.004851e-08, 0.496690, 0.496690, 0.505104, 1.462009e-08, 2000, 0, 0, 0, 0.000000
16118.462736, 0.023200, 7.147057e-07, 1.005082e-08, 0.503369, 0.503369, 0.498962, 1.462009e-08, 2000, 0, 0, 0, 0.000000
16265.573679, 0.023200, 7.147057e-07, 1.005082e-08, 0.492327, 0.492327, 0.499257, 1.462009e-08, 2000, 0, 0, 0, 0.000000
16412.757377, 0.023200, 7.148235e-07, 1.005313e-08, 0.507409, 0.507409, 0.508818, 1.462009e-08, 2000, 0, 0, 0, 0.000000
16560.008579, 0.023200, 7.149413e-07, 1.005544e-08, 0.495073, 0.495073, 0.499134, 1.462009e-08, 2000, 0, 0, 0, 0.000000
16707.254533, 0.023200, 7.149413e-07, 1.005544e-08, 0.497984, 0.497984, 0.511068, 1.462009e-08, 2000, 0, 0, 0, 0.000000
16854.500488, 0.023200, 7.149413e-07, 1.005544e-08, 0.491438, 0.491438, 0.495043, 1.462009e-08, 2000, 0, 0, 0, 0.000000
17001.746443, 0.023200, 7.149413e-07, 1.005544e-08, 0.500325, 0.500325, 0.501537, 1.462009e-08, 2000, 0, 0, 0, 0.000000
17148.992398, 0.023200, 7.149413e-07, 1.005544e-08, 0.499677, 0.499677, 0.492422, 1.462009e-08, 2000, 0, 0, 0, 0.000000
17296.238352, 0.023200, 7.149413e-07, 1.005544e-08, 0.492954, 0.492954, 0.498129, 1.462009e-08, 2000, 0, 0, 0, 0.000000
17443.484307, 0.023200, 7.149413e-07, 1.005544e-08, 0.500595, 0.500595, 0.501562, 1.462009e-08, 2000, 0, 0, 0, 0.000000
17590.730262, 0.023200, 7.149413e-07, 1.005544e-08, 0.501767, 0.501767, 0.496807, 1.462009e-08, 2000, 0, 0, 0, 0.000000
17737.976217, 0.023200, 7.149413e-07, 1.005544e-08, 0.496599, 0.496599, 0.506593, 1.462009e-08, 2000, 0, 0, 0, 0.000000
17885.294921, 0.023200, 7.150590e-07, 1.005775e-08, 0.496248, 0.496248, 0.497931, 1.462009e-08, 2000, 0, 0, 0, 0.000000
18032.608383, 0.023200, 7.150590e-07, 1.005775e-08, 0.503577, 0.503577, 0.494728, 1.462009e-08, 2000, 0, 0, 0, 0.000000
18179.921844, 0.023200, 7.150590e-07, 1.005775e-08, 0.500179, 0.500179, 0.494746, 1.462009e-08, 2000, 0, 0, 0, 0.000000
18327.235306, 0.023200, 7.150590e-07, 1.005775e-08, 0.494875, 0.494875, 0.498291, 1.462009e-08, 2000, 0, 0, 0, 0.000000
18474.621514, 0.023200, 7.151767e-07, 1.005881e-08, 0.506916, 0.506916, 0.488193, 1.673582e-08, 2000, 0, 0, 0, 0.000000
18622.075910, 0.023200, 7.152943e-07, 1.006112e-08, 0.499652, 0.499652, 0.505126, 1.673582e-08, 2000, 0, 0, 0, 0.000000
18769.597808, 0.023200, 7.154120e-07, 1.006343e-08, 0.497461, 0.497461, 0.503510, 1.673582e-08, 2000, 0, 0, 0, 0.000000
18917.114469, 0.023200, 7.154120e-07, 1.006343e-08, 0.499755, 0.499755, 0.503687, 1.673582e-08, 2000, 0, 0, 0, 0.000000
19064.631130, 0.023200, 7.154120e-07, 1.006343e-08, 0.491586, 0.491586, 0.492353, 1.673582e-08, 2000, 0, 0, 0, 0.000000
19212.147791, 0.023200, 7.154120e-07, 1.006343e-08, 0.499090, 0.499090, 0.491217, 1.673582e-08, 2000, 0, 0, 0, 0.000000
19359.664451, 0.023200, 7.154120e-07, 1.006343e-08, 0.499113, 0.499113, 0.494630, 1.673582e-08, 2000, 0, 0, 0, 0.000000
19507.181112, 0.023200, 7.154120e-07, 1.006343e-08, 0.503937, 0.503937, 0.506585, 1.673582e-08, 2000, 0, 0, 0, 0.000000
19654.697773, 0.023200, 7.154120e-07, 1.006343e-08, 0.498859, 0.498859, 0.493425, 1.673582e-08, 2000, 0, 0, 0, 0.000000
19802.214434, 0.023200, 7.154120e-07, 1.006343e-08, 0.507126, 0.507126, 0.502524, 1.673582e-08, 2000, 0, 0, 0, 0.000000
19949.731094, 0.023200, 7.154120e-07, 1.006343e-08, 0.498201, 0.498201, 0.495013, 1.673582e-08, 2000, 0, 0, 0, 0.000000
20097.247755, 0.023200, 7.154120e-07, 1.006343e-08, 0.490112, 0.490112, 0.501675, 1.673582e-08, 2000, 0, 0, 0, 0.000000
20244.764416, 0.023200, 7.154120e-07, 1.006343e-08, 0.504860, 0.504860, 0.507087, 1.673582e-08, 2000, 0, 0, 0, 0.000000
20392.281077, 0.023200, 7.154120e-07, 1.006343e-08, 0.498397, 0.498397, 0.492787, 1.673582e-08, 2000, 0, 0, 0, 0.000000
20539.797738, 0.023200, 7.154120e-07, 1.006343e-08, 0.493555, 0.493555, 0.500837, 1.673582e-08, 2000, 0, 0, 0, 0.000000
20687.314398, 0.023200, 7.154120e-07, 1.006343e-08, 0.511242, 0.511242, 0.501467, 1.673582e-08, 2000, 0, 0, 0, 0.000000
20834.831059, 0.023200, 7.154120e-07, 1.006343e-08, 0.492485, 0.492485, 0.495151, 1.673582e-08, 2000, 0, 0, 0, 0.000000
20982.347720, 0.023200, 7.154120e-07, 1.006343e-08, 0.500674, 0.500674, 0.491625, 1.673582e-08, 2000, 0, 0, 0, 0.000000
21129.864381, 0.023200, 7.154120e-07, 1.006343e-08, 0.500692, 0.500692, 0.501825, 1.673582e-08, 2000, 0, 0, 0, 0.000000
21277.381041, 0.023200, 7.154120e-07, 1.006343e-08, 0.502948, 0.502948, 0.504880, 1.673582e-08, 2000, 0, 0, 0, 0.000000
21424.897702, 0.023200, 7.154120e-07, 1.006343e-08, 0.505172, 0.505172, 0.499564, 1.673582e-08, 2000, 0, 0, 0, 0.000000
21572.414363, 0.023200, 7.154120e-07, 1.006343e-08, 0.493872, 0.493872, 0.508394, 1.673582e-08, 2000, 0, 0, 0, 0.000000
21719.931024, 0.023200, 7.154120e-07, 1.006343e-08, 0.504053, 0.504053, 0.513889, 1.673582e-08, 2000, 0, 0, 0, 0.000000
21867.447685, 0.023200, 7.154120e-07, 1.006343e-08, 0.489748, 0.489748, 0.514756, 1.673582e-08, 2000, 0, 0, 0, 0.000000
22014.964345, 0.023200, 7.154120e-07, 1.006343e-08, 0.504523, 0.504523, 0.502420, 1.673582e-08, 2000, 0, 0, 0, 0.000000
22162.481006, 0.023200, 7.154120e-07, 1.006343e-08, 0.505285, 0.505285, 0.499454, 1.673582e-08, 2000, 0, 0, 0, 0.000000
22309.997667, 0.023200, 7.154120e-07, 1.006343e-08, 0.503316, 0.503316, 0.490620, 1.673582e-08, 2000, 0, 0, 0, 0.000000
22457.514328, 0.023200, 7.154120e-07, 1.006343e-08, 0.490002, 0.490002, 0.494447, 1.673582e-08, 2000, 0, 0, 0, 0.000000
22605.030988, 0.023200, 7.154120e-07, 1.006343e-08, 0.493156, 0.493156, 0.504839, 1.673582e-08, 2000, 0, 0, 0, 0.000000
22752.547649, 0.023200, 7.154120e-07, 1.006343e-08, 0.496339, 0.496339, 0.487946, 1.673582e-08, 2000, 0, 0, 0, 0.000000
22900.064310, 0.023200, 7.154120e-07, 1.006343e-08, 0.502764, 0.502764, 0.510727, 1.673582e-08, 2000, 0, 0, 0, 0.000000
23047.580971, 0.023200, 7.154120e-07, 1.006343e-08, 0.504533, 0.504533, 0.502243, 1.673582e-08, 2000, 0, 0, 0, 0.000000
23195.097631, 0.023200, 7.154120e-07, 1.006343e-08, 0.498011, 0.498011, 0.497166, 1.673582e-08, 2000, 0, 0, 0, 0.000000
23342.614292, 0.023200, 7.154120e-07, 1.006343e-08, 0.498933, 0.498933, 0.496357, 1.673582e-08, 2000, 0, 0, 0, 0.000000
23490.130953, 0.023200, 7.154120e-07, 1.006343e-08, 0.496376, 0.496376, 0.493938, 1.673582e-08, 2000, 0, 0, 0, 0.000000
23637.647614, 0.023200, 7.154120e-07, 1.006343e-08, 0.503365, 0.503365, 0.492761, 1.673582e-08, 2000, 0, 0, 0, 0.000000
23785.164275, 0.023200, 7.154120e-07, 1.006343e-08, 0.502847, 0.502847, 0.499964, 1.673582e-08, 2000, 0, 0, 0, 0.000000
23932.680935, 0.023200, 7.154120e-07, 1.006343e-08, 0.498219, 0.498219, 0.499372, 1.673582e-08, 2000, 0, 0, 0, 0.000000
24080.197596, 0.023200, 7.154120e-07, 1.006343e-08, 0.506929, 0.506929, 0.501951, 1.673582e-08, 2000, 0, 0, 0, 0.000000
24227.714257, 0.023200, 7.154120e-07, 1.006343e-08, 0.486292, 0.486292, 0.493764, 1.673582e-08, 2000, 0, 0, 0, 0.000000
24375.230918, 0.023200, 7.154120e-07, 1.006343e-08, 0.507813, 0.507813, 0.501960, 1.673582e-08, 2000, 0, 0, 0, 0.000000
24522.747578, 0.023200, 7.154120e-07, 1.006343e-08, 0.501673, 0.501673, 0.496898, 1.673582e-08, 2000, 0, 0, 0, 0.000000
24670.264239, 0.023200, 7.154120e-07, 1.006343e-08, 0.500729, 0.500729, 0.494912, 1.673582e-08, 2000, 0, 0, 0, 0.000000
24817.780900, 0.023200, 7.154120e-07, 1.006343e-08, 0.497450, 0.497450, 0.493145, 1.673582e-08, 2000, 0, 0, 0, 0.000000
24965.297561, 0.023200, 7.154120e-07, 1.006343e-08, 0.502806, 0.502806, 0.503596, 1.673582e-08, 2000, 0, 0, 0, 0.000000
25112.814222, 0.023200, 7.154120e-07, 1.006343e-08, 0.502055, 0.502055, 0.499210, 1.673582e-08, 2000, 0, 0, 0, 0.000000
25260.330882, 0.023200, 7.154120e-07, 1.006343e-08, 0.496448, 0.496448, 0.502046, 1.673582e-08, 2000, 0, 0, 0, 0.000000
25407.847543, 0.023200, 7.154120e-07, 1.006343e-08, 0.495408, 0.495408, 0.507173, 1.673582e-08, 2000, 0, 0, 0, 0.000000
25555.364204, 0.023200, 7.154120e-07, 1.006343e-08, 0.495833, 0.495833, 0.496079, 1.673582e-08, 2000, 0, 0, 0, 0.000000
25702.880865, 0.023200, 7.154120e-07, 1.006343e-08, 0.500651, 0.500651, 0.497926, 1.673582e-08, 2000, 0, 0, 0, 0.000000
25850.397525, 0.023200, 7.154120e-07, 1.006343e-08, 0.488675, 0.488675, 0.499787, 1.673582e-08, 2000, 0, 0, 0, 0.000000
25997.914186, 0.023200, 7.154120e-07, 1.006343e-08, 0.495399, 0.495399, 0.498509, 1.673582e-08, 2000, 0, 0, 0, 0.000000
26145.430847, 0.023200, 7.154120e-07, 1.006343e-08, 0.505402, 0.505402, 0.502110, 1.673582e-08, 2000, 0, 0, 0, 0.000000
26292.947508, 0.023200, 7.154120e-07, 1.006343e-08, 0.507302, 0.507302, 0.498843, 1.673582e-08, 2000, 0, 0, 0, 0.000000
26440.464168, 0.023200, 7.154120e-07, 1.006343e-08, 0.502440, 0.502440, 0.504777, 1.673582e-08, 2000, 0, 0, 0, 0.000000
26587.980829, 0.023200, 7.154120e-07, 1.006343e-08, 0.500125, 0.500125, 0.499601, 1.673582e-08, 2000, 0, 0, 0, 0.000000
26735.497490, 0.023200, 7.154120e-07, 1.006343e-08, 0.493312, 0.493312, 0.514210, 1.673582e-08, 2000, 0, 0, 0, 0.000000
26883.014151, 0.023200, 7.154120e-07, 1.006343e-08, 0.483009, 0.483009, 0.506672, 1.673582e-08, 2000, 0, 0, 0, 0.000000
27030.530812, 0.023200, 7.154120e-07, 1.006343e-08, 0.497448, 0.497448, 0.506356, 1.673582e-08, 2000, 0, 0, 0, 0.000000
27178.047472, 0.023200, 7.154120e-07, 1.006343e-08, 0.499398, 0.499398, 0.494176, 1.673582e-08, 2000, 0, 0, 0, 0.000000
27325.564133, 0.023200, 7.154120e-07, 1.006343e-08, 0.501429, 0.501429, 0.504801, 1.673582e-08, 2000, 0, 0, 0, 0.000000
27473.080794, 0.023200, 7.154120e-07, 1.006343e-08, 0.498806, 0.498806, 0.498448, 1.673582e-08, 2000, 0, 0, 0, 0.000000
27620.597455, 0.023200, 7.154120e-07, 1.006343e-08, 0.504920, 0.504920, 0.507216, 1.673582e-08, 2000, 0, 0, 0, 0.000000
27768.114115, 0.023200, 7.154120e-07, 1.006343e-08, 0.494273, 0.494273, 0.504208, 1.673582e-08, 2000, 0, 0, 0, 0.000000
27915.630776, 0.023200, 7.154120e-07, 1.006343e-08, 0.503710, 0.503710, 0.491248, 1.673582e-08, 2000, 0, 0, 0, 0.000000
28063.147437, 0.023200, 7.154120e-07, 1.006343e-08, 0.504552, 0.504552, 0.498872, 1.673582e-08, 2000, 0, 0, 0, 0.000000
28210.664098, 0.023200, 7.154120e-07, 1.006343e-08, 0.494565, 0.494565, 0.500503, 1.673582e-08, 2000, 0, 0, 0, 0.000000
28358.180758, 0.023200, 7.154120e-07, 1.006343e-08, 0.508208, 0.508208, 0.508487, 1.673582e-08, 2000, 0, 0, 0, 0.000000
28505.697419, 0.023200, 7.154120e-07, 1.006343e-08, 0.503853, 0.503853, 0.506295, 1.673582e-08, 2000, 0, 0, 0, 0.000000
28653.214080, 0.023200, 7.154120e-07, 1.006343e-08, 0.502632, 0.502632, 0.491221, 1.673582e-08, 2000, 0, 0, 0, 0.000000
28800.730741, 0.023200, 7.154120e-07, 1.006343e-08, 0.499384, 0.499384, 0.496423, 1.673582e-08, 2000, 0, 0, 0, 0.000000
28948.247402, 0.023200, 7.154120e-07, 1.006343e-08, 0.505484, 0.505484, 0.510050, 1.673582e-08, 2000, 0, 0, 0, 0.000000
29095.764062, 0.023200, 7.154120e-07, 1.006343e-08, 0.506617, 0.506617, 0.489285, 1.673582e-08, 2000, 0, 0, 0, 0.000000
29243.280723, 0.023200, 7.154120e-07, 1.006343e-08, 0.504705, 0.504705, 0.487361, 1.673582e-08, 2000, 0, 0, 0, 0.000000
29390.797384, 0.023200, 7.154120e-07, 1.006343e-08, 0.503020, 0.503020, 0.502769, 1.673582e-08, 2000, 0, 0, 0, 0.000000
29538.314045, 0.023200, 7.154120e-07, 1.006343e-08, 0.510584, 0.510584, 0.506584, 1.673582e-08, 2000, 0, 0, 0, 0.000000
29685.830705, 0.023200, 7.154120e-07, 1.006343e-08, 0.498807, 0.498807, 0.486480, 1.673582e-08, 2000, 0, 0, 0, 0.000000
29833.347366, 0.023200, 7.154120e-07, 1.006343e-08, 0.494777, 0.494777, 0.496975, 1.673582e-08, 2000, 0, 0, 0, 0.000000
29980.864027, 0.023200, 7.154120e-07, 1.006343e-08, 0.504285, 0.504285, 0.497860, 1.673582e-08, 2000, 0, 0, 0, 0.000000
30128.380688, 0.023200, 7.154120e-07, 1.006343e-08, 0.485450, 0.485450, 0.492985, 1.673582e-08, 2000, 0, 0, 0, 0.000000
30275.897349, 0.023200, 7.154120e-07, 1.006343e-08, 0.498103, 0.498103, 0.507882, 1.673582e-08, 2000, 0, 0, 0, 0.000000
30423.414009, 0.023200, 7.154120e-07, 1.006343e-08, 0.507094, 0.507094, 0.516566, 1.673582e-08, 2000, 0, 0, 0, 0.000000
30570.930670, 0.023200, 7.154120e-07, 1.006343e-08, 0.502980, 0.502980, 0.501595, 1.673582e-08, 2000, 0, 0, 0, 0.000000
30718.447331, 0.023200, 7.154120e-07, 1.006343e-08, 0.502311, 0.502311, 0.494220, 1.673582e-08, 2000, 0, 0, 0, 0.000000
30865.963992, 0.023200, 7.154120e-07, 1.006343e-08, 0.499134, 0.499134, 0.507910, 1.673582e-08, 2000, 0, 0, 0, 0.000000
31013.480652, 0.023200, 7.154120e-07, 1.006343e-08, 0.503478, 0.503478, 0.495659, 1.673582e-08, 2000, 0, 0, 0, 0.000000
31160.997313, 0.023200, 7.154120e-07, 1.006343e-08, 0.498540, 0.498540, 0.505326, 1.673582e-08, 2000, 0, 0, 0, 0.000000
31308.513974, 0.023200, 7.154120e-07, 1.006343e-08, 0.486056, 0.486056, 0.491716, 1.673582e-08, 2000, 0, 0, 0, 0.000000
31456.030635, 0.023200, 7.154120e-07, 1.006343e-08, 0.494357, 0.494357, 0.492291, 1.673582e-08, 2000, 0, 0, 0, 0.000000
31603.547295, 0.023200, 7.154120e-07, 1.006343e-08, 0.518921, 0.518921, 0.492839, 1.673582e-08, 2000, 0, 0, 0, 0.000000
31751.063956, 0.023200, 7.154120e-07, 1.006343e-08, 0.496200, 0.496200, 0.498546, 1.673582e-08, 2000, 0, 0, 0, 0.000000
31898.580617, 0.023200, 7.154120e-07, 1.006343e-08, 0.506622, 0.506622, 0.506735, 1.673582e-08, 2000, 0, 0, 0, 0.000000
32046.097278, 0.023200, 7.154120e-07, 1.006343e-08, 0.507151, 0.507151, 0.500137, 1.673582e-08, 2000, 0, 0, 0, 0.000000
32193.613939, 0.023200, 7.154120e-07, 1.006343e-08, 0.506819, 0.506819, 0.507539, 1.673582e-08, 2000, 0, 0, 0, 0.000000
32341.130599, 0.023200, 7.154120e-07, 1.006343e-08, 0.502164, 0.502164, 0.502614, 1.673582e-08, 2000, 0, 0, 0, 0.000000
32488.647260, 0.023200, 7.154120e-07, 1.006343e-08, 0.499935, 0.499935, 0.497057, 1.673582e-08, 2000, 0, 0, 0, 0.000000
32636.163921, 0.023200, 7.154120e-07, 1.006343e-08, 0.501495, 0.501495, 0.501067, 1.673582e-08, 2000, 0, 0, 0, 0.000000
32783.680582, 0.023200, 7.154120e-07, 1.006343e-08, 0.506980, 0.506980, 0.494281, 1.673582e-08, 2000, 0, 0, 0, 0.000000
32931.197242, 0.023200, 7.154120e-07, 1.006343e-08, 0.506308, 0.506308, 0.511833, 1.673582e-08, 2000, 0, 0, 0, 0.000000
33078.713903, 0.023200, 7.154120e-07, 1.006343e-08, 0.505806, 0.505806, 0.489098, 1.673582e-08, 2000, 0, 0, 0, 0.000000
33226.230564, 0.023200, 7.154120e-07, 1.006343e-08, 0.498398, 0.498398, 0.499694, 1.673582e-08, 2000, 0, 0, 0, 0.000000
33373.747225, 0.023200, 7.154120e-07, 1.006343e-08, 0.503405, 0.503405, 0.501631, 1.673582e-08, 2000, 0, 0, 0, 0.000000
33521.263886, 0.023200, 7.154120e-07, 1.006343e-08, 0.487510, 0.487510, 0.486523, 1.673582e-08, 2000, 0, 0, 0, 0.000000
33668.780546, 0.023200, 7.154120e-07, 1.006343e-08, 0.504954, 0.504954, 0.507353, 1.673582e-08, 2000, 0, 0, 0, 0.000000
33816.297207, 0.023200, 7.154120e-07, 1.006343e-08, 0.501379, 0.501379, 0.491506, 1.673582e-08, 2000, 0, 0, 0, 0.000000
33963.813868, 0.023200, 7.154120e-07, 1.006343e-08, 0.492302, 0.492302, 0.494923, 1.673582e-08, 2000, 0, 0, 0, 0.000000
34111.330529, 0.023200, 7.154120e-07, 1.006343e-08, 0.485930, 0.485930, 0.500791, 1.673582e-08, 2000, 0, 0, 0, 0.000000
34258.847189, 0.023200, 7.154120e-07, 1.006343e-08, 0.488537, 0.488537, 0.509029, 1.673582e-08, 2000, 0, 0, 0, 0.000000
34406.363850, 0.023200, 7.154120e-07, 1.006343e-08, 0.495818, 0.495818, 0.505273, 1.673582e-08, 2000, 0, 0, 0, 0.000000
34553.880511, 0.023200, 7.154120e-07, 1.006343e-08, 0.494913, 0.494913, 0.486003, 1.673582e-08, 2000, 0, 0, 0, 0.000000
34701.397172, 0.023200, 7.154120e-07, 1.006343e-08, 0.511663, 0.511663, 0.511545, 1.673582e-08, 2000, 0, 0, 0, 0.000000
34848.913832, 0.023200, 7.154120e-07, 1.006343e-08, 0.497851, 0.497851, 0.498743, 1.673582e-08, 2000, 0, 0, 0, 0.000000
34996.430493, 0.023200, 7.154120e-07, 1.006343e-08, 0.501049, 0.501049, 0.500612, 1.673582e-08, 2000, 0, 0, 0, 0.000000
35143.947154, 0.023200, 7.154120e-07, 1.006343e-08, 0.494706, 0.494706, 0.494256, 1.673582e-08, 2000, 0, 0, 0, 0.000000
35291.463815, 0.023200, 7.154120e-07, 1.006343e-08, 0.499097, 0.499097, 0.508861, 1.673582e-08, 2000, 0, 0, 0, 0.000000
35438.980476, 0.023200, 7.154120e-07, 1.006343e-08, 0.502868, 0.502868, 0.498051, 1.673582e-08, 2000, 0, 0, 0, 0.000000
35586.497136, 0.023200, 7.154120e-07, 1.006343e-08, 0.493658, 0.493658, 0.501539, 1.673582e-08, 2000, 0, 0, 0, 0.000000
35734.013797, 0.023200, 7.154120e-07, 1.006343e-08, 0.495648, 0.495648, 0.497477, 1.673582e-08, 2000, 0, 0, 0, 0.000000
35881.530458, 0.023200, 7.154120e-07, 1.006343e-08, 0.491774, 0.491774, 0.490563, 1.673582e-08, 2000, 0, 0, 0, 0.000000
36029.047119, 0.023200, 7.154120e-07, 1.006343e-08, 0.497601, 0.497601, 0.502958, 1.673582e-08, 2000, 0, 0, 0, 0.000000
