Clock, Solids Loading, Box Size, AAR, Stokes Count, Stokes Average, Stokes Max, Brownian Count, Brownian Average, Brownian Max
0.000000, 0.023200, 7.121042e-07, 1.000000e-08, 0, 0.000000e+00, 0.000000e+00, 0, 0.000000e+00, 0.000000e+00
145.698759, 0.023200, 7.122229e-07, 1.000231e-08, 2000, 7.663163e-06, 1.120102e-05, 2000, 7.100772e-06, 2.631404e-05
291.465011, 0.023200, 7.123415e-07, 1.000462e-08, 2000, 7.668483e-06, 1.120621e-05, 2000, 6.852294e-06, 2.557222e-05
437.225948, 0.023200, 7.123415e-07, 1.000462e-08, 2000, 7.668204e-06, 1.120580e-05, 2000, 6.891275e-06, 2.634085e-05
582.986884, 0.023200, 7.123415e-07, 1.000462e-08, 2000, 7.668204e-06, 1.120580e-05, 2000, 6.848840e-06, 2.583113e-05
728.820629, 0.023200, 7.124601e-07, 1.000693e-08, 2000, 7.673805e-06, 1.121140e-05, 2000, 7.031362e-06, 2.606146e-05
874.721867, 0.023200, 7.125786e-07, 1.000924e-08, 2000, 7.679129e-06, 1.121659e-05, 2000, 7.035699e-06, 2.613650e-05
1020.617796, 0.023200, 7.125786e-07, 1.000924e-08, 2000, 7.678850e-06, 1.121618e-05, 2000, 6.953743e-06, 2.474850e-05
1166.513725, 0.023200, 7.125786e-07, 1.000924e-08, 2000, 7.678850e-06, 1.121618e-05, 2000, 6.556437e-06, 2.576593e-05
1312.409655, 0.023200, 7.125786e-07, 1.000924e-08, 2000, 7.678850e-06, 1.121618e-05, 2000, 6.957501e-06, 2.601386e-05
1458.305584, 0.023200, 7.125786e-07, 1.000924e-08, 2000, 7.678850e-06, 1.121618e-05, 2000, 6.855395e-06, 2.640712e-05
1604.274315, 0.023200, 7.126971e-07, 1.001155e-08, 2000, 7.684455e-06, 1.122178e-05, 2000, 6.963716e-06, 2.573040e-05
1750.237741, 0.023200, 7.126971e-07, 1.001155e-08, 2000, 7.684175e-06, 1.122137e-05, 2000, 6.989896e-06, 2.633988e-05
1896.201168, 0.023200, 7.126971e-07, 1.001155e-08, 2000, 7.684175e-06, 1.122137e-05, 2000, 6.731622e-06, 2.620622e-05
2042.164594, 0.023200, 7.126971e-07, 1.001155e-08, 2000, 7.684175e-06, 1.122137e-05, 2000, 7.019282e-06, 2.569152e-05
2188.200819, 0.023200, 7.128156e-07, 1.001386e-08, 2000, 7.689782e-06, 1.122697e-05, 2000, 7.003468e-06, 2.543966e-05
2334.304540, 0.023200, 7.129340e-07, 1.001617e-08, 2000, 7.695111e-06, 1.123216e-05, 2000, 6.856219e-06, 2.589240e-05
2480.475755, 0.023200, 7.130524e-07, 1.001848e-08, 2000, 7.700441e-06, 1.123735e-05, 2000, 6.798893e-06, 2.676676e-05
2626.714466, 0.023200, 7.131707e-07, 1.002079e-08, 2000, 7.705773e-06, 1.124253e-05, 2000, 7.177045e-06, 2.629352e-05
2773.020673, 0.023200, 7.132891e-07, 1.002310e-08, 2000, 7.711107e-06, 1.124772e-05, 2000, 6.995880e-06, 2.515038e-05
2919.321590, 0.023200, 7.132891e-07, 1.002310e-08, 2000, 7.710828e-06, 1.124732e-05, 2000, 6.986292e-06, 2.604856e-05
3065.622506, 0.023200, 7.132891e-07, 1.002310e-08, 2000, 7.710828e-06, 1.124732e-05, 2000, 7.057867e-06, 2.563403e-05
3211.923423, 0.023200, 7.132891e-07, 1.002310e-08, 2000, 7.710828e-06, 1.124732e-05, 2000, 6.811116e-06, 2.586111e-05
3358.224340, 0.023200, 7.132891e-07, 1.002310e-08, 2000, 7.710828e-06, 1.124732e-05, 2000, 7.186801e-06, 2.582170e-05
3504.525256, 0.023200, 7.132891e-07, 1.002310e-08, 2000, 7.710828e-06, 1.124732e-05, 2000, 6.627591e-06, 2.625226e-05
3650.826173, 0.023200, 7.132891e-07, 1.002310e-08, 2000, 7.710828e-06, 1.124732e-05, 2000, 6.943103e-06, 2.658718e-05
3797.199876, 0.023200, 7.134073e-07, 1.002541e-08, 2000, 7.716442e-06, 1.125291e-05, 2000, 6.970100e-06, 2.489578e-05
3943.641076, 0.023200, 7.135256e-07, 1.002772e-08, 2000, 7.721779e-06, 1.125810e-05, 2000, 6.952817e-06, 2.519426e-05
4090.149774, 0.023200, 7.136437e-07, 1.003003e-08, 2000, 7.727118e-06, 1.126329e-05, 2000, 7.000997e-06, 2.618811e-05
4236.653190, 0.023200, 7.136437e-07, 1.003003e-08, 2000, 7.726840e-06, 1.126288e-05, 2000, 6.834216e-06, 2.477535e-05
4383.156607, 0.023200, 7.136437e-07, 1.003003e-08, 2000, 7.726840e-06, 1.126288e-05, 2000, 6.790990e-06, 2.658883e-05
4529.660023, 0.023200, 7.136437e-07, 1.003003e-08, 2000, 7.726840e-06, 1.126288e-05, 2000, 6.733816e-06, 2.506176e-05
4676.236218, 0.023200, 7.137619e-07, 1.003234e-08, 2000, 7.732459e-06, 1.126848e-05, 2000, 7.064486e-06, 2.606697e-05
4822.879912, 0.023200, 7.138800e-07, 1.003465e-08, 2000, 7.737801e-06, 1.127367e-05, 2000, 6.910175e-06, 2.501251e-05
4969.518331, 0.023200, 7.138800e-07, 1.003465e-08, 2000, 7.737522e-06, 1.127326e-05, 2000, 6.934594e-06, 2.574295e-05
5116.156750, 0.023200, 7.138800e-07, 1.003465e-08, 2000, 7.737522e-06, 1.127326e-05, 2000, 7.041773e-06, 2.564601e-05
5262.795168, 0.023200, 7.138800e-07, 1.003465e-08, 2000, 7.737522e-06, 1.127326e-05, 2000, 6.893308e-06, 2.551624e-05
5409.433587, 0.023200, 7.138800e-07, 1.003465e-08, 2000, 7.737522e-06, 1.127326e-05, 2000, 6.829195e-06, 2.618050e-05
5556.072006, 0.023200, 7.138800e-07, 1.003465e-08, 2000, 7.737522e-06, 1.127326e-05, 2000, 6.885806e-06, 2.507875e-05
5702.783198, 0.023200, 7.139981e-07, 1.003696e-08, 2000, 7.743144e-06, 1.127886e-05, 2000, 6.946684e-06, 2.584286e-05
5849.561890, 0.023200, 7.141161e-07, 1.003927e-08, 2000, 7.748490e-06, 1.128405e-05, 2000, 6.828185e-06, 2.606742e-05
5996.335313, 0.023200, 7.141161e-07, 1.003927e-08, 2000, 7.748212e-06, 1.128364e-05, 2000, 7.111249e-06, 2.400323e-05
6143.108736, 0.023200, 7.141161e-07, 1.003927e-08, 2000, 7.748212e-06, 1.128364e-05, 2000, 6.843543e-06, 2.623510e-05
6289.882159, 0.023200, 7.141161e-07, 1.003927e-08, 2000, 7.748212e-06, 1.128364e-05, 2000, 6.791877e-06, 2.588246e-05
6436.655582, 0.023200, 7.141161e-07, 1.003927e-08, 2000, 7.748212e-06, 1.128364e-05, 2000, 6.836295e-06, 2.581953e-05
6583.429005, 0.023200, 7.141161e-07, 1.003927e-08, 2000, 7.748212e-06, 1.128364e-05, 2000, 6.778869e-06, 2.667245e-05
6730.202429, 0.023200, 7.141161e-07, 1.003927e-08, 2000, 7.748212e-06, 1.128364e-05, 2000, 7.090246e-06, 2.653214e-05
6876.975852, 0.023200, 7.141161e-07, 1.003927e-08, 2000, 7.748212e-06, 1.128364e-05, 2000, 7.106704e-06, 2.635250e-05
7023.749275, 0.023200, 7.141161e-07, 1.003927e-08, 2000, 7.748212e-06, 1.128364e-05, 2000, 7.221373e-06, 2.528884e-05
7170.522698, 0.023200, 7.141161e-07, 1.003927e-08, 2000, 7.748212e-06, 1.128364e-05, 2000, 7.101231e-06, 2.643210e-05
7317.296121, 0.023200, 7.141161e-07, 1.003927e-08, 2000, 7.748212e-06, 1.128364e-05, 2000, 6.906724e-06, 2.640047e-05
7464.069544, 0.023200, 7.141161e-07, 1.003927e-08, 2000, 7.748212e-06, 1.128364e-05, 2000, 6.804191e-06, 2.574900e-05
7610.842967, 0.023200, 7.141161e-07, 1.003927e-08, 2000, 7.748212e-06, 1.128364e-05, 2000, 6.764873e-06, 2.486889e-05
7757.616391, 0.023200, 7.141161e-07, 1.003927e-08, 2000, 7.748212e-06, 1.128364e-05, 2000, 6.831782e-06, 2.552324e-05
7904.389814, 0.023200, 7.141161e-07, 1.003927e-08, 2000, 7.748212e-06, 1.128364e-05, 2000, 6.734106e-06, 2.619821e-05
8051.163237, 0.023200, 7.141161e-07, 1.003927e-08, 2000, 7.748212e-06, 1.128364e-05, 2000, 6.877240e-06, 2.551177e-05
8197.936660, 0.023200, 7.141161e-07, 1.003927e-08, 2000, 7.748212e-06, 1.128364e-05, 2000, 6.930986e-06, 2.542192e-05
8344.710083, 0.023200, 7.141161e-07, 1.003927e-08, 2000, 7.748212e-06, 1.128364e-05, 2000, 7.076768e-06, 2.535716e-05
8491.483506, 0.023200, 7.141161e-07, 1.003927e-08, 2000, 7.748212e-06, 1.128364e-05, 2000, 6.921720e-06, 2.546422e-05
8638.256929, 0.023200, 7.141161e-07, 1.003927e-08, 2000, 7.748212e-06, 1.128364e-05, 2000, 6.856031e-06, 2.509174e-05
8785.030353, 0.023200, 7.141161e-07, 1.003927e-08, 2000, 7.748212e-06, 1.128364e-05, 2000, 6.810353e-06, 2.548403e-05
8931.803776, 0.023200, 7.141161e-07, 1.003927e-08, 2000, 7.748212e-06, 1.128364e-05, 2000, 7.039222e-06, 2.515745e-05
9078.577199, 0.023200, 7.141161e-07, 1.003927e-08, 2000, 7.748212e-06, 1.128364e-05, 2000, 7.041934e-06, 2.584034e-05
9225.350622, 0.023200, 7.141161e-07, 1.003927e-08, 2000, 7.748212e-06, 1.128364e-05, 2000, 7.085217e-06, 2.583337e-05
9372.124045, 0.023200, 7.141161e-07, 1.003927e-08, 2000, 7.748212e-06, 1.128364e-05, 2000, 6.855936e-06, 2.598989e-05
9518.897468, 0.023200, 7.141161e-07, 1.003927e-08, 2000, 7.748212e-06, 1.128364e-05, 2000, 6.720173e-06, 2.590295e-05
9665.670891, 0.023200, 7.141161e-07, 1.003927e-08, 2000, 7.748212e-06, 1.128364e-05, 2000, 6.924954e-06, 2.569344e-05
9812.444314, 0.023200, 7.141161e-07, 1.003927e-08, 2000, 7.748212e-06, 1.128364e-05, 2000, 6.867341e-06, 2.600645e-05
9959.217738, 0.023200, 7.141161e-07, 1.003927e-08, 2000, 7.748212e-06, 1.128364e-05, 2000, 6.911157e-06, 2.496878e-05
10105.991161, 0.023200, 7.141161e-07, 1.003927e-08, 2000, 7.748212e-06, 1.128364e-05, 2000, 7.069187e-06, 2.640463e-05
10252.764584, 0.023200, 7.141161e-07, 1.003927e-08, 2000, 7.748212e-06, 1.128364e-05, 2000, 6.871576e-06, 2.492676e-05
10399.538007, 0.023200, 7.141161e-07, 1.003927e-08, 2000, 7.748212e-06, 1.128364e-05, 2000, 6.945358e-06, 2.457075e-05
10546.311430, 0.023200, 7.141161e-07, 1.003927e-08, 2000, 7.748212e-06, 1.128364e-05, 2000, 6.861926e-06, 2.626863e-05
10693.084853, 0.023200, 7.141161e-07, 1.003927e-08, 2000, 7.748212e-06, 1.128364e-05, 2000, 7.065657e-06, 2.625587e-05
10839.858276, 0.023200, 7.141161e-07, 1.003927e-08, 2000, 7.748212e-06, 1.128364e-05, 2000, 6.990197e-06, 2.601571e-05
10986.631700, 0.023200, 7.141161e-07, 1.003927e-08, 2000, 7.748212e-06, 1.128364e-05, 2000, 7.155653e-06, 2.552710e-05
11133.405123, 0.023200, 7.141161e-07, 1.003927e-08, 2000, 7.748212e-06, 1.128364e-05, 2000, 6.937957e-06, 2.652791e-05
11280.178546, 0.023200, 7.141161e-07, 1.003927e-08, 2000, 7.748212e-06, 1.128364e-05, 2000, 6.851032e-06, 2.555331e-05
11426.951969, 0.023200, 7.141161e-07, 1.003927e-08, 2000, 7.748212e-06, 1.128364e-05, 2000, 7.054472e-06, 2.668055e-05
11573.725392, 0.023200, 7.141161e-07, 1.003927e-08, 2000, 7.748212e-06, 1.128364e-05, 2000, 7.037166e-06, 2.653387e-05
11720.498815, 0.023200, 7.141161e-07, 1.003927e-08, 2000, 7.748212e-06, 1.128364e-05, 2000, 6.898547e-06, 2.640153e-05
11867.272238, 0.023200, 7.141161e-07, 1.003927e-08, 2000, 7.748212e-06, 1.128364e-05, 2000, 6.950363e-06, 2.541396e-05
12014.045662, 0.023200, 7.141161e-07, 1.003927e-08, 2000, 7.748212e-06, 1.128364e-05, 2000, 6.820295e-06, 2.558620e-05
12160.819085, 0.023200, 7.141161e-07, 1.003927e-08, 2000, 7.748212e-06, 1.128364e-05, 2000, 6.966757e-06, 2.613892e-05
12307.592508, 0.023200, 7.141161e-07, 1.003927e-08, 2000, 7.748212e-06, 1.128364e-05, 2000, 7.165239e-06, 2.639101e-05
12454.365931, 0.023200, 7.141161e-07, 1.003927e-08, 2000, 7.748212e-06, 1.128364e-05, 2000, 7.136215e-06, 2.587275e-05
12601.139354, 0.023200, 7.141161e-07, 1.003927e-08, 2000, 7.748212e-06, 1.128364e-05, 2000, 6.935828e-06, 2.620316e-05
12747.912777, 0.023200, 7.141161e-07, 1.003927e-08, 2000, 7.748212e-06, 1.128364e-05, 2000, 6.846841e-06, 2.597780e-05
12894.686200, 0.023200, 7.141161e-07, 1.003927e-08, 2000, 7.748212e-06, 1.128364e-05, 2000, 7.058943e-06, 2.615842e-05
13041.459623, 0.023200, 7.141161e-07, 1.003927e-08, 2000, 7.748212e-06, 1.128364e-05, 2000, 7.029319e-06, 2.629633e-05
13188.233047, 0.023200, 7.141161e-07, 1.003927e-08, 2000, 7.748212e-06, 1.128364e-05, 2000, 6.712131e-06, 2.611635e-05
13335.006470, 0.023200, 7.141161e-07, 1.003927e-08, 2000, 7.748212e-06, 1.128364e-05, 2000, 6.890401e-06, 2.656730e-05
13481.779893, 0.023200, 7.141161e-07, 1.003927e-08, 2000, 7.748212e-06, 1.128364e-05, 2000, 6.944956e-06, 2.567311e-05
13628.553316, 0.023200, 7.141161e-07, 1.003927e-08, 2000, 7.748212e-06, 1.128364e-05, 2000, 6.879919e-06, 2.600391e-05
13775.326739, 0.023200, 7.141161e-07, 1.003927e-08, 2000, 7.748212e-06, 1.128364e-05, 2000, 7.032568e-06, 2.659924e-05
13922.100162, 0.023200, 7.141161e-07, 1.003927e-08, 2000, 7.748212e-06, 1.128364e-05, 2000, 6.849445e-06, 2.605453e-05
14068.873585, 0.023200, 7.141161e-07, 1.003927e-08, 2000, 7.748212e-06, 1.128364e-05, 2000, 7.031816e-06, 2.514962e-05
14215.647009, 0.023200, 7.141161e-07, 1.003927e-08, 2000, 7.748212e-06, 1.128364e-05, 2000, 7.045966e-06, 2.563929e-05
14362.420432, 0.023200, 7.141161e-07, 1.003927e-08, 2000, 7.748212e-06, 1.128364e-05, 2000, 6.952933e-06, 2.555117e-05
14509.193855, 0.023200, 7.141161e-07, 1.003927e-08, 2000, 7.748212e-06, 1.128364e-05, 2000, 6.797736e-06, 2.609081e-05
14655.967278, 0.023200, 7.141161e-07, 1.003927e-08, 2000, 7.748212e-06, 1.128364e-05, 2000, 7.072785e-06, 2.570534e-05
14802.740701, 0.023200, 7.141161e-07, 1.003927e-08, 2000, 7.748212e-06, 1.128364e-05, 2000, 6.702417e-06, 2.594348e-05
14949.514124, 0.023200, 7.141161e-07, 1.003927e-08, 2000, 7.748212e-06, 1.128364e-05, 2000, 6.790528e-06, 2.638847e-05
15096.287547, 0.023200, 7.141161e-07, 1.003927e-08, 2000, 7.748212e-06, 1.128364e-05, 2000, 7.043980e-06, 2.624412e-05
15243.060971, 0.023200, 7.141161e-07, 1.003927e-08, 2000, 7.748212e-06, 1.128364e-05, 2000, 6.999158e-06, 2.553983e-05
15389.834394, 0.023200, 7.141161e-07, 1.003927e-08, 2000, 7.748212e-06, 1.128364e-05, 2000, 6.684194e-06, 2.562366e-05
15536.607817, 0.023200, 7.141161e-07, 1.003927e-08, 2000, 7.748212e-06, 1.128364e-05, 2000, 6.701307e-06, 2.644850e-05
15683.381240, 0.023200, 7.141161e-07, 1.003927e-08, 2000, 7.748212e-06, 1.128364e-05, 2000, 7.057700e-06, 2.668470e-05
15830.154663, 0.023200, 7.141161e-07, 1.003927e-08, 2000, 7.748212e-06, 1.128364e-05, 2000, 6.729543e-06, 2.449197e-05
15976.928086, 0.023200, 7.141161e-07, 1.003927e-08, 2000, 7.748212e-06, 1.128364e-05, 2000, 6.978516e-06, 2.659719e-05
16123.701509, 0.023200, 7.141161e-07, 1.003927e-08, 2000, 7.748212e-06, 1.128364e-05, 2000, 7.035612e-06, 2.596887e-05
16270.474932, 0.023200, 7.141161e-07, 1.003927e-08, 2000, 7.748212e-06, 1.128364e-05, 2000, 6.853267e-06, 2.610400e-05
16417.248356, 0.023200, 7.141161e-07, 1.003927e-08, 2000, 7.748212e-06, 1.128364e-05, 2000, 7.150407e-06, 2.464393e-05
16564.021779, 0.023200, 7.141161e-07, 1.003927e-08, 2000, 7.748212e-06, 1.128364e-05, 2000, 7.035224e-06, 2.652450e-05
16710.795202, 0.023200, 7.141161e-07, 1.003927e-08, 2000, 7.748212e-06, 1.128364e-05, 2000, 6.936029e-06, 2.587700e-05
16857.568625, 0.023200, 7.141161e-07, 1.003927e-08, 2000, 7.748212e-06, 1.128364e-05, 2000, 6.772188e-06, 2.513590e-05
17004.342048, 0.023200, 7.141161e-07, 1.003927e-08, 2000, 7.748212e-06, 1.128364e-05, 2000, 7.010903e-06, 2.505407e-05
17151.115471, 0.023200, 7.141161e-07, 1.003927e-08, 2000, 7.748212e-06, 1.128364e-05, 2000, 6.824322e-06, 2.628520e-05
17297.888894, 0.023200, 7.141161e-07, 1.003927e-08, 2000, 7.748212e-06, 1.128364e-05, 2000, 6.954065e-06, 2.488568e-05
17444.662318, 0.023200, 7.141161e-07, 1.003927e-08, 2000, 7.748212e-06, 1.128364e-05, 2000, 6.845818e-06, 2.608817e-05
17591.435741, 0.023200, 7.141161e-07, 1.003927e-08, 2000, 7.748212e-06, 1.128364e-05, 2000, 6.762967e-06, 2.584011e-05
17738.209164, 0.023200, 7.141161e-07, 1.003927e-08, 2000, 7.748212e-06, 1.128364e-05, 2000, 7.026983e-06, 2.562465e-05
17884.982587, 0.023200, 7.141161e-07, 1.003927e-08, 2000, 7.748212e-06, 1.128364e-05, 2000, 7.005209e-06, 2.479811e-05
18031.756010, 0.023200, 7.141161e-07, 1.003927e-08, 2000, 7.748212e-06, 1.128364e-05, 2000, 6.721060e-06, 2.617272e-05
18178.529433, 0.023200, 7.141161e-07, 1.003927e-08, 2000, 7.748212e-06, 1.128364e-05, 2000, 6.759131e-06, 2.646220e-05
18325.302856, 0.023200, 7.141161e-07, 1.003927e-08, 2000, 7.748212e-06, 1.128364e-05, 2000, 7.047377e-06, 2.581914e-05
18472.076280, 0.023200, 7.141161e-07, 1.003927e-08, 2000, 7.748212e-06, 1.128364e-05, 2000, 6.942587e-06, 2.648964e-05
18618.849703, 0.023200, 7.141161e-07, 1.003927e-08, 2000, 7.748212e-06, 1.128364e-05, 2000, 6.815948e-06, 2.600893e-05
18765.623126, 0.023200, 7.141161e-07, 1.003927e-08, 2000, 7.748212e-06, 1.128364e-05, 2000, 6.765447e-06, 2.620570e-05
18912.396549, 0.023200, 7.141161e-07, 1.003927e-08, 2000, 7.748212e-06, 1.128364e-05, 2000, 7.044205e-06, 2.652844e-05
19059.169972, 0.023200, 7.141161e-07, 1.003927e-08, 2000, 7.748212e-06, 1.128364e-05, 2000, 6.903722e-06, 2.630235e-05
19205.943395, 0.023200, 7.141161e-07, 1.003927e-08, 2000, 7.748212e-06, 1.128364e-05, 2000, 6.947923e-06, 2.553664e-05
19352.716818, 0.023200, 7.141161e-07, 1.003927e-08, 2000, 7.748212e-06, 1.128364e-05, 2000, 7.144189e-06, 2.591635e-05
19499.490241, 0.023200, 7.141161e-07, 1.003927e-08, 2000, 7.748212e-06, 1.128364e-05, 2000, 6.927019e-06, 2.669808e-05
19646.263665, 0.023200, 7.141161e-07, 1.003927e-08, 2000, 7.748212e-06, 1.128364e-05, 2000, 6.841357e-06, 2.606273e-05
19793.037088, 0.023200, 7.141161e-07, 1.003927e-08, 2000, 7.748212e-06, 1.128364e-05, 2000, 6.750275e-06, 2.674409e-05
19939.810511, 0.023200, 7.141161e-07, 1.003927e-08, 2000, 7.748212e-06, 1.128364e-05, 2000, 6.826046e-06, 2.518831e-05
20086.583934, 0.023200, 7.141161e-07, 1.003927e-08, 2000, 7.748212e-06, 1.128364e-05, 2000, 6.786223e-06, 2.606021e-05
20233.357357, 0.023200, 7.141161e-07, 1.003927e-08, 2000, 7.748212e-06, 1.128364e-05, 2000, 7.015545e-06, 2.636740e-05
20380.130780, 0.023200, 7.141161e-07, 1.003927e-08, 2000, 7.748212e-06, 1.128364e-05, 2000, 6.812351e-06, 2.549229e-05
20526.904203, 0.023200, 7.141161e-07, 1.003927e-08, 2000, 7.748212e-06, 1.128364e-05, 2000, 7.074040e-06, 2.647048e-05
20673.677627, 0.023200, 7.141161e-07, 1.003927e-08, 2000, 7.748212e-06, 1.128364e-05, 2000, 6.849870e-06, 2.663030e-05
20820.451050, 0.023200, 7.141161e-07, 1.003927e-08, 2000, 7.748212e-06, 1.128364e-05, 2000, 7.065671e-06, 2.626117e-05
20967.224473, 0.023200, 7.141161e-07, 1.003927e-08, 2000, 7.748212e-06, 1.128364e-05, 2000, 7.053812e-06, 2.549805e-05
21113.997896, 0.023200, 7.141161e-07, 1.003927e-08, 2000, 7.748212e-06, 1.128364e-05, 2000, 6.935094e-06, 2.602146e-05
21260.771319, 0.023200, 7.141161e-07, 1.003927e-08, 2000, 7.748212e-06, 1.128364e-05, 2000, 6.823654e-06, 2.598931e-05
21407.544742, 0.023200, 7.141161e-07, 1.003927e-08, 2000, 7.748212e-06, 1.128364e-05, 2000, 7.040187e-06, 2.669559e-05
21554.318165, 0.023200, 7.141161e-07, 1.003927e-08, 2000, 7.748212e-06, 1.128364e-05, 2000, 6.954342e-06, 2.634008e-05
21701.091589, 0.023200, 7.141161e-07, 1.003927e-08, 2000, 7.748212e-06, 1.128364e-05, 2000, 6.968358e-06, 2.595231e-05
21847.865012, 0.023200, 7.141161e-07, 1.003927e-08, 2000, 7.748212e-06, 1.128364e-05, 2000, 7.010481e-06, 2.656199e-05
21994.638435, 0.023200, 7.141161e-07, 1.003927e-08, 2000, 7.748212e-06, 1.128364e-05, 2000, 6.934650e-06, 2.589881e-05
22141.411858, 0.023200, 7.141161e-07, 1.003927e-08, 2000, 7.748212e-06, 1.128364e-05, 2000, 6.982488e-06, 2.627769e-05
22288.185281, 0.023200, 7.141161e-07, 1.003927e-08, 2000, 7.748212e-06, 1.128364e-05, 2000, 6.845437e-06, 2.573951e-05
22434.958704, 0.023200, 7.141161e-07, 1.003927e-08, 2000, 7.748212e-06, 1.128364e-05, 2000, 6.894661e-06, 2.521093e-05
22581.732127, 0.023200, 7.141161e-07, 1.003927e-08, 2000, 7.748212e-06, 1.128364e-05, 2000, 6.727880e-06, 2.551922e-05
22728.505550, 0.023200, 7.141161e-07, 1.003927e-08, 2000, 7.748212e-06, 1.128364e-05, 2000, 6.995380e-06, 2.516411e-05
22875.278974, 0.023200, 7.141161e-07, 1.003927e-08, 2000, 7.748212e-06, 1.128364e-05, 2000, 6.956077e-06, 2.651339e-05
23022.052397, 0.023200, 7.141161e-07, 1.003927e-08, 2000, 7.748212e-06, 1.128364e-05, 2000, 6.915399e-06, 2.490809e-05
23168.825820, 0.023200, 7.141161e-07, 1.003927e-08, 2000, 7.748212e-06, 1.128364e-05, 2000, 6.759468e-06, 2.631996e-05
23315.599243, 0.023200, 7.141161e-07, 1.003927e-08, 2000, 7.748212e-06, 1.128364e-05, 2000, 6.906444e-06, 2.510495e-05
23462.372666, 0.023200, 7.141161e-07, 1.003927e-08, 2000, 7.748212e-06, 1.128364e-05, 2000, 7.093092e-06, 2.653848e-05
23609.146089, 0.023200, 7.141161e-07, 1.003927e-08, 2000, 7.748212e-06, 1.128364e-05, 2000, 6.861983e-06, 2.609143e-05
23755.919512, 0.023200, 7.141161e-07, 1.003927e-08, 2000, 7.748212e-06, 1.128364e-05, 2000, 6.824206e-06, 2.484148e-05
23902.692936, 0.023200, 7.141161e-07, 1.003927e-08, 2000, 7.748212e-06, 1.128364e-05, 2000, 6.886884e-06, 2.601800e-05
24049.466359, 0.023200, 7.141161e-07, 1.003927e-08, 2000, 7.748212e-06, 1.128364e-05, 2000, 6.926821e-06, 2.601906e-05
24196.239782, 0.023200, 7.141161e-07, 1.003927e-08, 2000, 7.748212e-06, 1.128364e-05, 2000, 6.999253e-06, 2.542164e-05
24343.013205, 0.023200, 7.141161e-07, 1.003927e-08, 2000, 7.748212e-06, 1.128364e-05, 2000, 6.800202e-06, 2.652618e-05
24489.786628, 0.023200, 7.141161e-07, 1.003927e-08, 2000, 7.748212e-06, 1.128364e-05, 2000, 6.798044e-06, 2.560692e-05
24636.560051, 0.023200, 7.141161e-07, 1.003927e-08, 2000, 7.748212e-06, 1.128364e-05, 2000, 6.849870e-06, 2.588161e-05
24783.333474, 0.023200, 7.141161e-07, 1.003927e-08, 2000, 7.748212e-06, 1.128364e-05, 2000, 7.032805e-06, 2.690877e-05
24930.106898, 0.023200, 7.141161e-07, 1.003927e-08, 2000, 7.748212e-06, 1.128364e-05, 2000, 6.805671e-06, 2.546873e-05
25076.880321, 0.023200, 7.141161e-07, 1.003927e-08, 2000, 7.748212e-06, 1.128364e-05, 2000, 6.783642e-06, 2.625016e-05
25223.653744, 0.023200, 7.141161e-07, 1.003927e-08, 2000, 7.748212e-06, 1.128364e-05, 2000, 6.811413e-06, 2.545123e-05
25370.427167, 0.023200, 7.141161e-07, 1.003927e-08, 2000, 7.748212e-06, 1.128364e-05, 2000, 7.252168e-06, 2.659464e-05
25517.200590, 0.023200, 7.141161e-07, 1.003927e-08, 2000, 7.748212e-06, 1.128364e-05, 2000, 6.943799e-06, 2.625279e-05
25663.974013, 0.023200, 7.141161e-07, 1.003927e-08, 2000, 7.748212e-06, 1.128364e-05, 2000, 6.903916e-06, 2.658927e-05
25810.747436, 0.023200, 7.141161e-07, 1.003927e-08, 2000, 7.748212e-06, 1.128364e-05, 2000, 6.831658e-06, 2.510392e-05
25957.520859, 0.023200, 7.141161e-07, 1.003927e-08, 2000, 7.748212e-06, 1.128364e-05, 2000, 6.803404e-06, 2.605109e-05
26104.294283, 0.023200, 7.141161e-07, 1.003927e-08, 2000, 7.748212e-06, 1.128364e-05, 2000, 6.907573e-06, 2.494679e-05
26251.067706, 0.023200, 7.141161e-07, 1.003927e-08, 2000, 7.748212e-06, 1.128364e-05, 2000, 6.800269e-06, 2.603568e-05
26397.841129, 0.023200, 7.141161e-07, 1.003927e-08, 2000, 7.748212e-06, 1.128364e-05, 2000, 6.812988e-06, 2.542268e-05
26544.614552, 0.023200, 7.141161e-07, 1.003927e-08, 2000, 7.748212e-06, 1.128364e-05, 2000, 6.910187e-06, 2.559871e-05
26691.460743, 0.023200, 7.142341e-07, 1.004158e-08, 2000, 7.753837e-06, 1.128924e-05, 2000, 6.962658e-06, 2.616075e-05
26838.301669, 0.023200, 7.142341e-07, 1.004158e-08, 2000, 7.753559e-06, 1.128883e-05, 2000, 6.880824e-06, 2.669004e-05
26985.142595, 0.023200, 7.142341e-07, 1.004158e-08, 2000, 7.753559e-06, 1.128883e-05, 2000, 7.114967e-06, 2.601287e-05
27131.983521, 0.023200, 7.142341e-07, 1.004158e-08, 2000, 7.753559e-06, 1.128883e-05, 2000, 7.246961e-06, 2.476856e-05
27278.824448, 0.023200, 7.142341e-07, 1.004158e-08, 2000, 7.753559e-06, 1.128883e-05, 2000, 7.049201e-06, 2.566573e-05
27425.665374, 0.023200, 7.142341e-07, 1.004158e-08, 2000, 7.753559e-06, 1.128883e-05, 2000, 6.886349e-06, 2.512363e-05
27572.506300, 0.023200, 7.142341e-07, 1.004158e-08, 2000, 7.753559e-06, 1.128883e-05, 2000, 7.017435e-06, 2.583150e-05
27719.347226, 0.023200, 7.142341e-07, 1.004158e-08, 2000, 7.753559e-06, 1.128883e-05, 2000, 6.870998e-06, 2.571576e-05
27866.188152, 0.023200, 7.142341e-07, 1.004158e-08, 2000, 7.753559e-06, 1.128883e-05, 2000, 7.048857e-06, 2.595248e-05
28013.029078, 0.023200, 7.142341e-07, 1.004158e-08, 2000, 7.753559e-06, 1.128883e-05, 2000, 6.750951e-06, 2.572456e-05
28159.870004, 0.023200, 7.142341e-07, 1.004158e-08, 2000, 7.753559e-06, 1.128883e-05, 2000, 6.724195e-06, 2.669395e-05
28306.710930, 0.023200, 7.142341e-07, 1.004158e-08, 2000, 7.753559e-06, 1.128883e-05, 2000, 6.718005e-06, 2.497189e-05
28453.551856, 0.023200, 7.142341e-07, 1.004158e-08, 2000, 7.753559e-06, 1.128883e-05, 2000, 6.792629e-06, 2.513272e-05
28600.392782, 0.023200, 7.142341e-07, 1.004158e-08, 2000, 7.753559e-06, 1.128883e-05, 2000, 6.794784e-06, 2.639318e-05
28747.233708, 0.023200, 7.142341e-07, 1.004158e-08, 2000, 7.753559e-06, 1.128883e-05, 2000, 7.005601e-06, 2.601220e-05
28894.074634, 0.023200, 7.142341e-07, 1.004158e-08, 2000, 7.753559e-06, 1.128883e-05, 2000, 6.773417e-06, 2.571588e-05
29040.915560, 0.023200, 7.142341e-07, 1.004158e-08, 2000, 7.753559e-06, 1.128883e-05, 2000, 7.028657e-06, 2.591815e-05
29187.756486, 0.023200, 7.142341e-07, 1.004158e-08, 2000, 7.753559e-06, 1.128883e-05, 2000, 6.865234e-06, 2.654360e-05
29334.597412, 0.023200, 7.142341e-07, 1.004158e-08, 2000, 7.753559e-06, 1.128883e-05, 2000, 6.923750e-06, 2.628654e-05
29481.438338, 0.023200, 7.142341e-07, 1.004158e-08, 2000, 7.753559e-06, 1.128883e-05, 2000, 6.747340e-06, 2.615687e-05
29628.279264, 0.023200, 7.142341e-07, 1.004158e-08, 2000, 7.753559e-06, 1.128883e-05, 2000, 6.900687e-06, 2.592442e-05
29775.120190, 0.023200, 7.142341e-07, 1.004158e-08, 2000, 7.753559e-06, 1.128883e-05, 2000, 6.856493e-06, 2.597916e-05
29921.961116, 0.023200, 7.142341e-07, 1.004158e-08, 2000, 7.753559e-06, 1.128883e-05, 2000, 6.676416e-06, 2.616987e-05
30068.802043, 0.023200, 7.142341e-07, 1.004158e-08, 2000, 7.753559e-06, 1.128883e-05, 2000, 7.097483e-06, 2.645796e-05
30215.642969, 0.023200, 7.142341e-07, 1.004158e-08, 2000, 7.753559e-06, 1.128883e-05, 2000, 6.878975e-06, 2.565610e-05
30362.483895, 0.023200, 7.142341e-07, 1.004158e-08, 2000, 7.753559e-06, 1.128883e-05, 2000, 6.971587e-06, 2.594775e-05
30509.324821, 0.023200, 7.142341e-07, 1.004158e-08, 2000, 7.753559e-06, 1.128883e-05, 2000, 6.920357e-06, 2.627408e-05
30656.165747, 0.023200, 7.142341e-07, 1.004158e-08, 2000, 7.753559e-06, 1.128883e-05, 2000, 7.042707e-06, 2.571409e-05
30803.006673, 0.023200, 7.142341e-07, 1.004158e-08, 2000, 7.753559e-06, 1.128883e-05, 2000, 6.904319e-06, 2.509404e-05
30949.847599, 0.023200, 7.142341e-07, 1.004158e-08, 2000, 7.753559e-06, 1.128883e-05, 2000, 7.192655e-06, 2.572120e-05
31096.688525, 0.023200, 7.142341e-07, 1.004158e-08, 2000, 7.753559e-06, 1.128883e-05, 2000, 7.063673e-06, 2.614673e-05
31243.529451, 0.023200, 7.142341e-07, 1.004158e-08, 2000, 7.753559e-06, 1.128883e-05, 2000, 7.073991e-06, 2.622115e-05
31390.370377, 0.023200, 7.142341e-07, 1.004158e-08, 2000, 7.753559e-06, 1.128883e-05, 2000, 6.750324e-06, 2.505419e-05
31537.211303, 0.023200, 7.142341e-07, 1.004158e-08, 2000, 7.753559e-06, 1.128883e-05, 2000, 6.711572e-06, 2.568406e-05
31684.052229, 0.023200, 7.142341e-07, 1.004158e-08, 2000, 7.753559e-06, 1.128883e-05, 2000, 6.776495e-06, 2.624845e-05
31830.893155, 0.023200, 7.142341e-07, 1.004158e-08, 2000, 7.753559e-06, 1.128883e-05, 2000, 6.955511e-06, 2.506256e-05
31977.734081, 0.023200, 7.142341e-07, 1.004158e-08, 2000, 7.753559e-06, 1.128883e-05, 2000, 7.014211e-06, 2.597300e-05
32124.575007, 0.023200, 7.142341e-07, 1.004158e-08, 2000, 7.753559e-06, 1.128883e-05, 2000, 6.895349e-06, 2.631488e-05
32271.415933, 0.023200, 7.142341e-07, 1.004158e-08, 2000, 7.753559e-06, 1.128883e-05, 2000, 6.735022e-06, 2.581620e-05
32418.256859, 0.023200, 7.142341e-07, 1.004158e-08, 2000, 7.753559e-06, 1.128883e-05, 2000, 6.847009e-06, 2.563726e-05
32565.097785, 0.023200, 7.142341e-07, 1.004158e-08, 2000, 7.753559e-06, 1.128883e-05, 2000, 6.876830e-06, 2.494924e-05
32711.938712, 0.023200, 7.142341e-07, 1.004158e-08, 2000, 7.753559e-06, 1.128883e-05, 2000, 6.876616e-06, 2.609430e-05
32858.779638, 0.023200, 7.142341e-07, 1.004158e-08, 2000, 7.753559e-06, 1.128883e-05, 2000, 7.064423e-06, 2.581790e-05
33005.620564, 0.023200, 7.142341e-07, 1.004158e-08, 2000, 7.753559e-06, 1.128883e-05, 2000, 6.895024e-06, 2.542989e-05
33152.461490, 0.023200, 7.142341e-07, 1.004158e-08, 2000, 7.753559e-06, 1.128883e-05, 2000, 6.806702e-06, 2.580468e-05
33299.302416, 0.023200, 7.142341e-07, 1.004158e-08, 2000, 7.753559e-06, 1.128883e-05, 2000, 6.933539e-06, 2.643866e-05
33446.143342, 0.023200, 7.142341e-07, 1.004158e-08, 2000, 7.753559e-06, 1.128883e-05, 2000, 6.993141e-06, 2.616270e-05
33592.984268, 0.023200, 7.142341e-07, 1.004158e-08, 2000, 7.753559e-06, 1.128883e-05, 2000, 7.105480e-06, 2.629186e-05
33739.825194, 0.023200, 7.142341e-07, 1.004158e-08, 2000, 7.753559e-06, 1.128883e-05, 2000, 6.948092e-06, 2.572103e-05
33886.666120, 0.023200, 7.142341e-07, 1.004158e-08, 2000, 7.753559e-06, 1.128883e-05, 2000, 6.904231e-06, 2.649930e-05
34033.507046, 0.023200, 7.142341e-07, 1.004158e-08, 2000, 7.753559e-06, 1.128883e-05, 2000, 7.141073e-06, 2.572903e-05
34180.347972, 0.023200, 7.142341e-07, 1.004158e-08, 2000, 7.753559e-06, 1.128883e-05, 2000, 6.917362e-06, 2.588472e-05
34327.188898, 0.023200, 7.142341e-07, 1.004158e-08, 2000, 7.753559e-06, 1.128883e-05, 2000, 6.820782e-06, 2.617827e-05
34474.029824, 0.023200, 7.142341e-07, 1.004158e-08, 2000, 7.753559e-06, 1.128883e-05, 2000, 6.843269e-06, 2.544452e-05
34620.870750, 0.023200, 7.142341e-07, 1.004158e-08, 2000, 7.753559e-06, 1.128883e-05, 2000, 6.618867e-06, 2.590916e-05
34767.711676, 0.023200, 7.142341e-07, 1.004158e-08, 2000, 7.753559e-06, 1.128883e-05, 2000, 6.873650e-06, 2.527676e-05
34914.552602, 0.023200, 7.142341e-07, 1.004158e-08, 2000, 7.753559e-06, 1.128883e-05, 2000, 7.086597e-06, 2.660244e-05
35061.393528, 0.023200, 7.142341e-07, 1.004158e-08, 2000, 7.753559e-06, 1.128883e-05, 2000, 6.858462e-06, 2.588710e-05
35208.234454, 0.023200, 7.142341e-07, 1.004158e-08, 2000, 7.753559e-06, 1.128883e-05, 2000, 7.209626e-06, 2.656132e-05
35355.148146, 0.023200, 7.143521e-07, 1.004389e-08, 2000, 7.759186e-06, 1.129443e-05, 2000, 6.839450e-06, 2.546166e-05
35502.129338, 0.023200, 7.144700e-07, 1.004620e-08, 2000, 7.764536e-06, 1.129962e-05, 2000, 6.752309e-06, 2.540583e-05
35649.105272, 0.023200, 7.144700e-07, 1.004620e-08, 2000, 7.764258e-06, 1.129921e-05, 2000, 7.064684e-06, 2.633670e-05
35796.081205, 0.023200, 7.144700e-07, 1.004620e-08, 2000, 7.764258e-06, 1.129921e-05, 2000, 7.135510e-06, 2.554295e-05
35943.057139, 0.023200, 7.144700e-07, 1.004620e-08, 2000, 7.764258e-06, 1.129921e-05, 2000, 6.808812e-06, 2.604263e-05
36090.033072, 0.023200, 7.144700e-07, 1.004620e-08, 2000, 7.764258e-06, 1.129921e-05, 2000, 6.758531e-06, 2.625288e-05
